"","UTR_ID","UTR_LENGTH","A","T","G","C","X.GC","X.AT","GC","GA","GT","GG","CG","CT","CA","CC","TG","TT","TA","TC","AC","AG","AT","AA","ATG","TGA","TAA","TAG","TTT","TCT","TAT","TGT","TTC","TCC","TAC","TGC","TTA","TCA","TTG","TCG","TGG","CTT","CCT","CAT","CGT","CTC","CCC","CAC","CGC","CTA","CCA","CAA","CGA","CTG","CCG","CAG","CGG","ATT","ACT","AAT","AGT","ATC","ACC","AAC","AGC","ATA","ACA","AAA","AGA","ACG","AAG","AGG","GTT","GCT","GAT","GGT","GTC","GCC","GAC","GGC","GTA","GCA","GAA","GGA","GTG","GCG","GAG","GGG","uORF","Entropy","Perplexity"
"1","4313",509,93,51,205,160,71.70923379,28.29076621,70,36,13,65,47,24,30,42,24,5,7,13,19,48,6,12,1,4,1,3,2,3,0,1,2,7,3,9,1,1,2,9,10,3,7,5,2,7,14,4,13,2,16,3,8,12,13,17,23,1,2,0,4,3,8,3,15,1,3,8,7,4,5,21,1,12,1,6,1,21,8,32,3,9,4,16,8,26,22,18,1,1.833884562,3.564956721
"2","8839",146,21,31,53,41,64.38356164,35.61643836,19,6,19,7,13,11,8,7,22,0,2,7,6,8,1,3,0,2,1,0,0,1,0,8,0,2,1,5,0,3,0,5,2,0,4,1,3,6,1,2,5,0,1,1,0,5,2,4,1,0,2,0,1,0,1,1,3,1,0,2,1,0,2,3,0,4,0,1,1,4,2,2,1,1,1,3,10,6,2,2,0,1.922302862,3.790275883
"3","7076",170,33,30,46,61,62.94117647,37.05882353,18,12,6,9,9,10,14,19,13,3,4,8,8,14,8,3,3,2,1,2,2,2,1,1,2,4,0,4,1,1,0,4,6,0,5,3,1,2,6,5,8,2,7,0,0,6,5,6,0,1,1,1,1,4,4,1,4,0,2,0,4,0,1,3,1,2,3,3,0,9,2,2,1,4,2,4,4,3,4,1,3,1.941564163,3.841218852
"4","4320",52,9,1,23,19,80.76923077,19.23076923,10,1,0,8,6,0,4,5,0,0,1,0,0,6,1,2,0,0,1,0,0,0,0,0,0,0,0,0,0,0,0,0,0,0,0,0,0,0,4,0,0,0,2,1,0,0,2,3,5,0,0,0,0,0,0,0,5,1,0,0,0,0,2,1,0,0,0,0,0,4,0,5,0,2,0,1,0,4,1,2,0,1.598865242,3.029049684
"5","8797",65,13,18,17,17,52.30769231,47.69230769,6,4,3,2,3,7,4,3,7,5,1,5,3,4,3,3,1,1,0,1,0,3,0,2,2,1,0,2,0,1,3,2,2,3,1,1,0,1,0,1,1,0,1,1,2,3,1,1,0,1,1,1,1,0,1,0,2,1,1,0,0,1,2,0,1,2,1,0,2,1,1,1,0,2,2,1,0,1,0,0,1,1.989473921,3.970921721
"6","5720",105,11,21,30,43,69.52380952,30.47619048,13,3,5,8,11,10,3,11,5,4,3,6,5,5,0,1,0,0,0,1,2,0,0,1,3,4,2,3,0,0,1,3,1,4,3,0,1,2,7,2,5,3,3,0,1,1,3,1,4,0,3,0,0,0,2,0,2,0,1,0,0,0,1,3,0,4,0,3,1,3,0,3,0,0,1,2,3,6,2,1,0,1.849212032,3.603033416
"7","3956",95,15,21,31,28,62.10526316,37.89473684,6,5,5,9,5,10,4,6,7,2,1,10,3,4,3,4,0,1,1,0,0,4,0,0,1,3,0,2,1,1,0,2,4,1,3,2,1,4,2,0,1,0,1,1,0,4,2,1,3,0,1,1,1,2,0,1,2,0,0,1,0,0,1,1,0,1,0,3,2,3,2,1,0,0,1,4,3,2,2,5,0,1.948507732,3.859750873
"8","5744",322,60,68,83,111,60.2484472,39.7515528,29,20,14,17,27,24,19,31,19,15,3,24,17,17,8,14,1,4,2,0,5,4,1,5,7,9,0,6,1,5,4,6,3,5,11,3,2,11,9,5,12,1,7,5,6,7,12,5,7,2,5,2,1,4,5,7,7,1,0,4,3,3,5,6,5,4,2,5,2,15,4,4,0,4,7,7,5,5,7,2,1,1.959272956,3.888659612
"9","1158",175,34,30,35,76,63.42857143,36.57142857,15,4,5,9,2,17,19,25,6,3,7,13,11,15,4,4,0,0,1,2,1,1,1,1,2,8,2,2,0,4,1,2,3,3,11,0,0,7,10,5,1,3,9,2,0,4,1,12,1,0,1,1,1,0,3,2,8,3,2,0,2,1,1,4,0,4,1,3,4,10,2,3,0,1,1,2,1,0,0,2,0,1.882366248,3.68679257
"10","10735",510,192,81,125,112,46.47058824,53.52941176,25,46,20,25,25,18,23,36,22,17,20,19,22,43,23,64,3,8,7,3,3,6,4,5,8,7,4,3,3,2,5,3,5,5,5,4,4,4,9,8,10,2,14,6,8,7,12,5,3,8,3,9,5,3,11,7,6,7,3,28,19,2,21,12,3,4,4,4,4,13,3,6,6,1,24,10,7,6,14,8,3,1.929672187,3.809686248
"11","1015",125,44,27,33,21,43.2,56.8,1,16,6,7,3,5,6,5,6,7,5,5,9,13,5,13,1,3,2,1,3,1,0,2,1,2,2,0,2,0,2,0,1,2,0,1,1,2,1,2,0,0,4,1,1,1,1,2,1,2,4,3,3,0,3,2,1,2,1,4,6,0,6,3,1,0,1,0,2,0,3,0,1,1,8,6,2,0,4,2,1,1.94737928,3.85673302
"12","1634",502,169,134,109,90,39.64143426,60.35856574,20,32,22,25,3,31,33,17,34,30,36,22,25,37,40,45,11,9,11,7,11,7,7,8,7,7,11,6,12,8,7,6,10,9,10,7,0,6,4,4,0,9,3,14,1,7,3,7,2,9,6,19,7,7,7,7,8,12,7,20,11,0,13,10,8,8,7,6,2,2,2,6,3,10,13,10,9,0,10,10,11,1.96038131,3.891648232
"13","3861",87,16,22,9,40,56.32183908,43.67816092,8,1,0,0,4,14,9,8,2,4,1,13,7,3,2,3,0,0,0,0,2,2,0,0,3,4,1,2,1,3,0,2,0,3,5,1,0,9,3,5,3,0,2,2,1,2,1,1,0,1,3,1,0,1,3,1,3,0,0,1,0,0,1,0,0,3,0,0,0,1,0,0,0,4,0,0,0,0,1,0,0,1.804852181,3.493933575
"14","3566",20,3,0,0,1,5,15,0,0,0,0,0,0,0,0,0,0,0,0,0,0,0,0,0,0,0,0,0,0,0,0,0,0,0,0,0,0,0,0,0,0,0,0,0,0,0,0,0,0,0,0,0,0,0,0,0,0,0,0,0,0,0,0,0,0,0,0,0,0,0,0,0,0,0,0,0,0,0,0,0,0,0,0,0,0,0,0,0,3.38418372,10.4409691
"18","5507",85,9,20,33,23,65.88235294,34.11764706,13,2,5,9,6,8,3,6,8,4,1,4,0,5,1,2,0,0,0,1,2,1,0,2,1,1,0,3,1,0,1,3,3,1,3,0,0,1,0,0,3,0,0,1,1,4,3,2,2,1,0,1,0,0,0,0,2,0,1,0,0,0,1,3,1,3,0,3,1,5,0,4,0,3,1,1,3,2,1,3,0,1.874393079,3.666473416
"30","5054",157,39,19,44,55,63.05732484,36.94267516,21,11,3,6,7,10,20,14,8,3,0,7,9,20,2,8,0,2,0,0,1,1,0,2,2,2,0,2,0,3,1,2,1,1,3,0,0,3,4,4,6,0,6,4,1,6,3,11,0,1,1,2,0,1,3,2,9,0,0,0,6,2,4,4,1,5,0,0,1,7,2,4,0,8,4,2,1,1,5,1,0,1.912257152,3.763975276
"35","4619",95,22,27,16,30,48.42105263,51.57894737,6,1,4,3,2,12,8,6,4,4,6,12,5,5,5,6,0,1,4,0,1,3,0,1,2,3,2,1,2,3,0,1,1,3,3,3,0,3,0,1,2,2,3,2,0,3,0,2,0,0,2,1,1,3,2,2,2,2,0,1,0,1,3,2,1,2,1,2,3,1,0,1,0,2,0,0,0,0,0,2,0,1.96252744,3.897441692
"44","3854",48,8,11,5,24,60.41666667,39.58333333,3,1,0,1,1,10,4,6,1,0,1,9,3,2,1,2,0,0,1,0,0,4,0,0,0,3,0,0,0,2,0,0,1,0,5,1,0,5,1,1,1,1,1,0,0,1,0,1,0,0,1,0,0,1,0,1,2,0,0,0,0,0,1,0,0,0,0,0,0,3,0,0,0,0,1,1,0,0,0,0,0,1.757827328,3.381884357
"46","1830",83,24,19,21,19,48.19277108,51.80722892,6,8,0,6,2,6,9,1,3,6,2,5,7,9,3,3,0,0,0,2,2,1,0,0,2,0,0,1,1,4,1,1,2,3,0,1,0,1,0,2,0,0,1,1,0,2,0,5,2,0,3,1,0,2,1,1,2,1,2,1,4,1,1,2,0,2,1,0,0,0,4,3,0,3,2,3,0,1,1,1,0,1.993123631,3.980980021
"47","1828",212,75,43,49,45,44.33962264,55.66037736,6,21,9,9,1,12,18,11,10,10,9,11,13,24,9,19,2,2,3,1,2,3,2,2,2,5,3,1,4,3,2,1,5,4,5,2,1,3,3,2,0,1,6,4,0,4,0,10,0,2,3,3,3,4,3,6,4,1,1,7,13,1,8,3,2,1,2,3,2,2,2,1,3,3,10,4,2,0,6,3,2,1.960255559,3.891309034
"49","3857",66,11,16,15,24,59.09090909,40.90909091,6,2,4,2,2,9,5,5,6,2,3,4,5,4,1,1,0,1,0,1,0,1,1,1,1,1,1,2,0,2,1,2,1,2,2,0,1,2,2,3,0,2,1,1,0,3,2,1,1,0,3,0,0,1,2,1,4,0,1,0,0,0,0,0,0,3,0,1,0,1,0,0,1,2,0,1,2,0,2,1,0,1.942936441,3.844874322
"62","3315",169,45,23,52,49,59.76331361,40.23668639,18,13,4,11,9,8,15,12,7,4,5,6,8,19,6,7,1,1,3,1,1,1,0,0,1,1,1,3,1,4,1,3,3,1,3,4,1,2,4,2,4,1,4,2,2,4,4,7,2,2,2,2,2,0,3,2,8,3,1,4,4,2,1,3,0,2,0,1,3,7,3,2,0,6,0,5,1,3,10,4,1,1.941003921,3.839727481
"65","6615",61,9,14,17,21,62.29508197,37.70491803,8,4,3,2,7,6,2,4,5,2,2,4,4,3,1,1,0,0,0,1,0,2,0,0,2,0,1,4,0,0,0,4,1,1,1,0,0,1,1,1,2,1,2,0,4,3,0,1,1,0,1,1,2,1,2,0,1,0,1,0,0,0,0,0,1,2,0,1,0,1,2,1,0,0,1,0,2,4,1,0,0,1.937986057,3.831703842
"87","1475",49,15,11,9,14,46.93877551,53.06122449,4,1,3,1,0,2,8,4,2,3,0,5,1,5,2,4,0,0,0,0,1,0,0,1,2,3,0,0,0,2,1,0,1,1,1,1,0,0,0,1,0,0,3,3,0,1,0,3,0,0,1,1,0,2,0,0,4,0,0,1,1,0,2,0,2,0,0,1,1,1,0,0,0,3,1,0,0,0,0,0,0,1.972069014,3.923303691
"92","7077",299,41,14,98,146,81.60535117,18.39464883,54,17,4,19,47,5,13,50,4,2,1,6,6,24,2,6,0,2,0,1,1,0,0,0,0,2,0,2,0,1,2,2,0,0,3,1,1,5,25,2,26,0,4,2,5,0,27,8,11,1,0,1,1,1,3,2,11,0,1,3,5,0,3,6,1,2,0,2,0,29,2,11,1,5,4,4,2,14,10,4,0,1.632300833,3.100070089
"99","49860",63,16,17,9,21,47.61904762,52.38095238,2,1,2,2,0,6,9,5,3,6,2,5,8,2,2,2,0,1,1,1,1,0,0,1,2,2,0,0,2,3,2,0,1,3,2,2,0,2,1,4,0,0,3,1,0,1,0,1,0,1,4,0,0,1,2,1,1,0,1,1,0,0,0,1,2,0,0,1,0,1,1,1,0,1,0,0,0,0,0,1,0,1.941488508,3.841017422
"109","3858",10,3,1,1,5,60,40,1,0,0,0,0,0,3,0,0,0,0,1,1,1,1,0,0,0,0,0,0,0,0,0,0,0,0,0,0,1,0,0,0,0,0,1,0,0,0,1,0,0,0,0,0,0,0,1,0,0,0,0,0,1,0,0,1,0,0,0,0,0,0,0,0,0,0,0,0,0,0,0,0,1,0,0,0,0,0,0,0,1.685475297,3.216463455
"112","1031",2034,427,310,669,628,63.76597837,36.23402163,238,142,56,171,169,139,126,147,95,58,37,98,98,173,35,87,13,19,12,11,18,22,4,10,26,36,10,38,13,22,11,38,28,27,41,12,16,40,43,27,48,13,32,26,32,54,62,60,69,9,27,11,20,10,29,23,63,3,11,31,31,20,37,56,14,48,8,10,17,70,37,85,8,50,32,58,17,64,60,54,13,1.937533788,3.830502833
"124","909",533,181,128,161,63,42.02626642,57.97373358,18,61,32,37,2,18,37,6,43,30,20,22,17,65,35,44,11,15,6,8,10,7,5,10,5,2,1,5,6,11,15,5,13,6,1,8,2,3,0,3,0,0,5,8,0,9,0,17,0,8,5,18,12,8,2,4,7,8,8,16,21,0,16,18,12,5,4,8,6,2,8,6,6,11,24,18,8,0,19,13,11,1.909176792,3.755947226
"133","7078",301,37,30,112,122,77.74086379,22.25913621,62,12,3,28,41,20,22,30,7,5,0,17,5,28,1,2,0,0,0,0,1,2,0,0,2,10,0,6,0,1,3,6,1,4,8,1,1,12,8,3,14,0,4,2,5,4,14,16,19,0,2,0,1,1,0,1,16,0,0,0,3,3,1,8,1,8,0,1,2,16,1,23,0,17,0,4,0,18,10,7,0,1.762090777,3.391893276
"149","3198",62,17,9,21,15,58.06451613,41.93548387,4,5,5,5,3,2,8,2,3,2,0,4,5,8,0,2,0,2,0,0,0,0,0,0,1,0,0,0,0,3,1,0,1,1,0,0,0,1,0,3,2,0,1,0,0,0,1,4,1,0,1,0,4,0,1,0,0,0,0,1,1,1,2,3,1,1,0,1,2,1,2,2,0,2,2,2,2,0,1,1,0,1.940354083,3.837998327
"206","2810",75,14,10,24,27,68,32,9,5,6,4,4,1,8,8,4,2,1,3,2,11,1,0,0,0,0,1,0,0,0,2,0,3,0,0,1,0,1,0,1,0,1,1,0,0,4,1,3,0,2,0,0,1,4,6,1,1,0,0,2,0,0,0,3,0,1,0,3,0,0,2,1,0,0,1,3,4,1,2,0,4,0,1,1,0,3,0,0,1.896241191,3.722420897
"221","1869",140,14,15,59,52,79.28571429,20.71428571,27,6,5,14,24,4,4,16,7,2,1,3,2,7,2,2,1,1,1,0,1,0,0,1,0,0,0,2,0,1,2,2,3,1,3,1,3,1,3,1,9,0,1,0,2,2,12,2,8,0,1,0,1,1,1,0,4,0,0,1,0,0,1,2,0,0,1,0,1,15,1,10,1,2,0,3,2,8,4,6,1,1.733532066,3.325409632
"222","728358;1668;1667",92,16,21,25,30,59.7826087,40.2173913,8,8,3,5,0,15,3,7,10,1,4,6,5,8,2,1,0,1,0,3,0,3,1,2,0,1,0,5,0,1,1,5,2,1,5,0,0,2,3,1,0,3,1,0,0,8,0,2,0,0,1,0,0,1,3,0,2,1,3,0,4,0,1,2,0,5,1,1,2,2,4,1,0,0,1,3,1,0,2,1,0,1.963325125,3.899597235
"226","7275",149,14,7,60,68,85.90604027,14.09395973,27,8,1,17,21,4,6,24,4,0,0,3,1,11,1,0,1,1,0,0,0,0,0,0,0,2,0,2,0,0,0,2,1,0,3,0,1,3,10,1,6,0,3,0,1,1,12,5,12,0,0,0,0,0,1,0,6,0,0,0,2,0,0,2,0,1,1,0,0,15,0,12,0,3,0,3,1,7,5,7,1,1.572756693,2.974725802
"243","5966",320,44,43,126,107,72.8125,27.1875,37,22,11,40,28,27,9,30,21,3,2,17,11,21,2,8,0,5,0,1,0,3,0,1,2,8,1,7,0,1,1,7,8,0,10,0,1,11,10,1,10,1,4,2,1,13,11,6,16,2,5,2,0,0,2,1,7,0,1,2,3,4,5,11,1,9,0,9,2,15,8,13,1,4,6,13,6,8,8,14,0,1.840619927,3.581638987
"248","4312",68,24,11,19,14,48.52941176,51.47058824,6,7,0,4,0,4,7,3,4,3,2,1,4,10,3,5,0,1,0,0,0,0,1,0,0,0,1,1,1,1,2,1,2,2,1,1,0,0,0,2,0,0,2,2,0,2,0,2,0,1,2,0,0,1,1,0,3,1,0,2,4,0,5,2,0,1,0,0,0,2,1,2,0,3,3,2,0,0,3,1,0,1.938838731,3.833969157
"266","2248",91,7,10,33,41,81.31868132,18.68131868,21,2,1,5,15,6,5,13,5,1,0,4,2,3,2,0,2,0,0,0,0,0,0,1,1,2,0,3,0,0,0,3,1,1,3,1,0,2,1,2,10,0,2,0,1,3,7,2,3,0,0,0,0,0,1,0,3,0,0,0,0,0,0,0,0,3,1,0,1,9,0,4,0,3,0,0,0,5,1,3,2,1.683669327,3.212439594
"270","7275",241,55,63,71,52,51.0373444,48.9626556,8,19,18,18,3,16,16,14,25,12,8,14,13,17,13,11,6,8,3,1,4,3,1,5,4,8,3,4,4,3,4,4,8,3,5,4,0,2,2,3,0,2,9,2,2,9,0,7,1,3,5,4,5,3,3,2,1,1,1,1,4,1,5,7,6,2,4,8,5,3,5,3,1,1,6,5,6,2,4,7,6,1.989244812,3.970291164
"287","22919",139,22,21,64,32,69.0647482,30.9352518,15,13,11,17,23,3,2,4,8,4,2,5,7,8,1,5,0,2,1,0,2,2,0,1,1,0,1,3,1,1,2,3,2,1,0,1,3,0,0,0,3,0,0,0,5,2,4,1,11,0,0,0,1,1,1,3,2,0,0,0,3,6,1,2,3,0,0,6,3,3,3,6,1,1,4,3,3,9,5,6,0,1.835875163,3.569878969
"290","8839",508,102,111,163,132,58.07086614,41.92913386,47,24,40,40,19,42,47,18,57,15,9,25,36,34,9,16,5,6,2,3,5,8,1,15,7,3,3,10,1,12,7,10,16,10,11,3,3,12,4,17,7,3,2,5,1,17,3,14,3,0,5,4,3,2,5,2,12,2,3,5,3,2,9,16,5,18,1,9,4,8,6,13,3,9,8,14,17,8,7,11,5,1.975947957,3.933866384
"293","3020",344,50,38,125,131,74.41860465,25.58139535,49,20,13,34,46,18,17,37,8,4,5,21,11,28,3,8,0,1,2,1,0,6,0,2,0,7,2,4,1,1,3,4,1,3,4,1,4,7,11,4,18,1,7,3,6,5,23,9,16,0,2,0,3,3,2,2,10,0,1,0,2,3,6,13,1,5,2,4,9,25,3,15,3,6,3,11,0,12,11,8,0,1.816626662,3.522565816
"307","5111",228,32,47,76,73,65.35087719,34.64912281,31,11,17,15,29,17,10,13,14,10,5,16,10,15,1,4,0,4,1,4,2,4,0,3,4,5,0,4,1,1,5,4,3,4,5,1,7,6,2,2,12,2,3,1,2,5,5,6,7,1,2,0,1,0,1,3,7,0,4,2,3,5,1,4,5,6,0,6,6,7,5,7,2,5,2,2,4,12,3,2,0,1.921638436,3.788530693
"308","5744",389,100,110,100,79,46.01542416,53.98457584,25,29,18,22,13,26,21,13,25,31,24,16,20,34,21,18,4,3,5,5,13,7,9,6,11,3,2,5,7,3,7,5,10,8,4,4,1,3,5,4,5,6,7,3,4,9,2,9,3,9,5,2,4,1,4,7,10,5,5,7,12,3,8,8,8,10,3,6,1,6,6,5,4,4,8,10,4,4,12,4,4,1.989951575,3.972236649
"309","6273",67,11,12,25,19,65.67164179,34.32835821,6,5,3,7,2,6,5,6,7,0,0,4,3,4,3,1,0,1,0,0,0,1,0,1,0,1,0,2,0,1,0,2,3,0,3,2,0,1,0,2,1,0,2,0,0,5,1,1,1,0,1,0,1,2,1,1,0,0,0,0,1,0,0,2,0,1,1,1,1,4,0,3,0,1,1,3,1,0,3,3,0,1.918621648,3.780616858
"317","3400",369,49,70,141,109,67.75067751,32.24932249,46,23,20,34,41,22,8,23,18,17,8,20,9,27,4,6,0,5,1,5,6,1,0,4,5,7,2,5,1,1,6,5,4,7,6,0,3,9,11,2,15,3,3,3,4,3,12,3,20,2,3,1,7,2,4,1,10,0,5,3,3,1,3,7,3,12,3,6,4,10,4,14,4,3,1,11,9,15,15,17,0,1.891760405,3.710877573
"320","10537",224,69,55,52,48,44.64285714,55.35714286,16,15,9,9,0,17,22,7,18,11,6,15,8,20,13,18,4,3,2,0,4,7,3,4,5,4,0,6,1,3,4,6,5,4,3,4,0,4,2,2,0,1,3,9,0,8,0,7,0,5,3,2,3,2,0,5,8,1,0,8,6,0,9,3,1,3,3,2,4,2,1,2,2,11,5,4,2,0,4,2,4,1.986086899,3.961610104
"322","3198",84,18,18,25,23,57.14285714,42.85714286,5,6,5,7,4,4,9,5,4,5,0,7,5,8,1,2,1,2,0,0,1,2,0,0,3,1,0,0,0,3,1,0,2,2,0,1,0,2,1,3,2,0,2,0,0,0,2,4,2,0,1,0,4,0,1,0,0,0,0,1,1,1,2,3,1,1,0,1,2,2,2,3,0,2,2,3,2,0,2,1,1,1.984512306,3.957288664
"331","10735",280,85,65,65,65,46.42857143,53.57142857,12,24,9,15,11,15,15,17,16,15,14,18,11,18,23,22,3,5,6,1,2,6,3,3,7,6,2,2,3,3,4,2,6,5,2,8,2,4,6,4,2,1,8,1,5,4,4,2,2,7,4,6,1,5,3,2,2,6,1,8,9,2,11,5,1,2,4,3,1,5,3,6,2,2,12,4,5,2,4,4,3,1.989426042,3.970789938
"350","6273",60,19,9,19,13,53.33333333,46.66666667,3,6,4,3,0,2,8,3,5,0,1,2,5,7,3,3,1,3,0,0,0,0,0,1,0,1,1,0,0,1,0,0,1,0,0,2,0,1,0,3,0,0,3,1,0,1,0,2,0,0,0,0,1,1,1,1,2,0,0,1,2,0,1,1,0,2,1,1,0,1,0,1,1,0,1,0,3,0,3,1,1,1.939285815,3.835157468
"353","10735",329,87,102,78,62,42.55319149,57.44680851,21,18,19,16,8,27,15,11,26,25,23,20,9,24,23,22,4,6,7,5,8,11,6,9,7,4,2,6,8,1,7,6,5,4,6,4,4,7,1,3,2,3,5,3,0,12,0,5,2,10,3,6,1,1,3,2,8,5,5,6,6,1,10,9,8,5,3,5,4,4,2,5,4,7,8,6,3,4,4,4,4,1.977308475,3.937577925
"356","6273",50,5,15,11,19,60,40,3,1,3,2,0,9,4,6,5,1,0,8,2,1,2,0,0,0,0,0,0,4,0,1,1,3,0,2,0,0,0,2,2,1,3,1,0,2,0,2,0,0,3,0,0,5,0,1,0,0,0,0,0,1,1,0,0,0,0,0,1,0,0,0,0,1,1,2,3,2,0,0,0,0,0,0,0,0,0,1,0,1.86430879,3.640934508
"360","56998",146,28,30,41,47,60.2739726,39.7260274,13,6,7,9,1,10,17,15,10,8,2,7,8,16,1,3,0,2,1,0,3,1,0,2,4,5,1,4,1,1,3,4,2,3,7,0,0,2,4,5,0,1,6,0,0,4,0,11,1,1,1,1,3,0,2,0,5,0,0,0,3,0,2,5,4,1,0,2,1,6,1,4,0,5,2,1,2,1,3,4,0,1.966961792,3.909439529
"368","3020",157,23,30,53,51,66.24203822,33.75796178,20,6,12,11,18,10,7,14,7,4,4,14,2,12,3,6,0,0,2,1,1,4,0,4,2,2,1,0,0,2,2,0,1,1,2,1,2,6,0,0,11,0,4,2,2,1,8,4,2,1,0,1,1,1,0,1,6,1,1,0,1,1,4,4,2,3,1,3,3,12,0,2,3,1,2,3,3,4,3,3,0,1.91804674,3.779110597
"369","6273",373,58,78,122,115,63.53887399,36.46112601,27,17,19,40,2,34,28,38,35,11,4,24,13,26,10,7,4,3,2,1,3,6,1,2,3,12,0,8,1,4,7,8,22,5,16,2,0,10,12,11,0,1,16,2,1,16,1,13,1,0,3,4,5,3,6,0,5,1,1,2,4,1,2,12,6,7,3,12,6,15,2,14,0,5,2,9,7,0,10,16,4,1.94033589,3.837949931
"372","3303",214,40,39,64,71,63.08411215,36.91588785,20,19,11,12,20,14,12,19,9,8,2,16,10,22,2,6,0,2,0,1,3,3,0,3,6,9,1,4,0,1,1,4,0,3,3,0,4,4,4,2,2,2,6,2,7,5,9,8,7,0,2,1,4,2,5,3,8,0,1,0,4,1,2,5,4,6,1,0,4,4,4,6,0,3,3,5,3,6,9,1,0,1.94875738,3.860418832
"375","10735",290,75,66,84,65,51.37931034,48.62068966,20,27,11,22,14,18,13,15,17,15,13,17,8,26,18,17,4,4,3,5,4,5,2,3,7,8,1,1,3,0,3,1,8,5,4,4,2,5,5,2,4,2,6,3,5,5,5,4,3,6,3,4,1,3,2,3,7,3,5,4,10,2,9,8,2,4,6,4,1,5,2,8,3,6,10,8,5,4,7,3,4,1.991978107,3.977820311
"377","3303",293,60,52,94,87,61.77474403,38.22525597,26,26,15,22,26,18,15,21,12,10,5,21,12,29,5,12,0,4,2,1,3,4,1,3,6,11,1,4,1,2,2,4,1,4,3,0,5,7,5,2,2,2,7,3,7,5,10,10,12,1,3,1,4,2,5,3,11,2,1,2,5,2,6,8,4,8,3,3,6,4,6,9,0,4,5,8,5,9,10,4,0,1.957542734,3.883998743
"386","5966",185,29,21,84,51,72.97297297,27.02702703,20,17,7,28,14,13,5,14,13,1,1,6,6,17,0,5,0,4,0,1,0,1,0,1,0,3,0,4,0,0,1,4,4,0,6,0,0,4,3,0,4,1,2,1,0,8,5,4,10,0,4,0,0,0,1,1,5,0,1,1,2,1,4,10,1,2,0,6,2,9,5,7,0,2,4,11,3,6,8,10,0,1.805065403,3.494449996
"396","6278",74,18,17,24,15,52.7027027,47.2972973,8,6,1,6,0,8,4,2,8,4,1,1,3,6,1,4,0,3,0,0,2,1,0,0,0,0,1,2,0,0,3,2,3,3,0,0,0,0,1,0,0,1,2,1,0,4,0,3,0,0,3,0,0,1,0,0,3,0,0,3,2,0,3,1,0,4,1,1,0,2,2,3,0,2,3,1,1,0,0,2,0,1.977183402,3.937236577
"399","3303",293,60,52,93,88,61.77474403,38.22525597,26,26,15,21,26,18,15,22,12,10,5,21,12,29,5,12,0,4,2,1,3,4,1,3,6,11,1,4,1,2,2,4,1,4,3,0,5,7,5,2,2,2,7,3,8,5,11,10,11,1,3,1,4,2,5,3,11,2,1,2,5,2,6,8,4,8,3,3,6,5,6,9,0,4,5,7,5,8,10,4,0,1.957869302,3.884878023
"402","10735",236,61,56,57,62,50.42372881,49.57627119,11,21,7,13,10,15,14,16,14,13,9,18,9,15,19,13,3,5,2,2,2,6,2,3,7,7,1,2,2,2,3,2,4,5,3,8,2,4,6,2,2,1,7,2,4,4,3,2,2,6,2,3,0,5,2,3,2,3,2,3,7,2,7,5,1,2,4,2,1,4,3,5,1,2,9,4,4,2,3,4,3,1.998652561,3.99626585
"431","5111",243,37,49,71,86,64.6090535,35.3909465,29,15,10,15,22,26,8,23,16,10,6,16,11,16,2,6,2,5,1,3,1,5,0,2,5,6,2,4,2,1,3,4,5,5,9,0,3,8,5,3,10,2,5,2,3,11,9,3,6,0,3,1,1,0,4,2,8,0,3,2,3,2,3,4,5,9,1,4,3,12,4,7,2,1,3,4,0,7,7,2,2,1.928263651,3.805968577
"432","8839",343,71,66,104,102,60.05830904,39.94169096,32,14,11,36,8,35,41,12,23,14,7,19,32,26,3,7,1,1,0,3,3,8,1,2,7,0,3,6,2,10,5,6,14,10,6,0,0,7,4,16,3,3,2,4,0,15,2,13,4,0,3,2,2,1,5,1,7,1,3,2,3,3,4,14,4,17,0,7,4,5,4,15,1,8,3,10,2,2,5,10,1,1.970183796,3.918180324
"435","2706",138,26,6,42,64,76.8115942,23.1884058,20,12,1,8,18,4,8,22,0,1,2,3,6,15,0,3,0,0,0,2,0,0,0,0,1,2,0,0,0,0,0,0,0,1,3,0,0,2,11,0,10,1,4,2,2,0,9,6,5,0,0,0,1,0,4,2,5,0,2,1,5,2,0,3,0,1,0,0,0,10,4,4,1,4,1,4,0,5,7,0,0,1.68679591,3.219409087
"438","7076",96,30,14,24,28,54.16666667,45.83333333,4,9,5,3,3,1,14,9,2,3,3,6,8,13,4,4,1,1,0,0,0,0,2,0,1,1,1,0,2,4,0,0,1,1,1,1,2,0,1,3,1,0,8,3,0,0,0,7,0,0,0,0,3,2,6,1,2,1,0,0,6,0,2,1,2,0,1,0,2,2,3,1,0,0,1,1,1,2,3,2,1,1.947934119,3.858216549
"442","3713",64,14,17,13,20,51.5625,48.4375,5,2,4,1,0,9,6,5,5,3,3,6,4,6,0,2,0,2,1,1,0,3,0,1,1,1,1,1,1,2,1,1,1,2,3,0,0,3,0,2,0,1,2,1,0,3,0,3,0,0,2,0,2,0,1,0,4,0,1,1,0,0,1,0,1,1,0,1,1,3,1,0,1,1,0,0,1,0,1,0,0,1.979154446,3.942619398
"444","6700",86,20,19,20,27,54.65116279,45.34883721,5,10,1,2,1,13,4,8,9,2,2,6,7,7,3,2,0,4,1,0,0,3,0,0,0,3,1,3,1,0,1,3,2,2,6,0,0,3,1,2,0,0,1,0,1,8,0,2,0,0,3,0,0,3,3,2,2,0,0,1,3,1,0,0,0,1,3,1,0,1,2,0,1,3,1,1,0,0,4,0,0,1.984756509,3.957958565
"447","3020",375,96,148,84,47,34.93333333,65.06666667,9,24,27,20,7,17,16,4,32,44,29,18,14,21,34,22,5,8,10,5,22,6,6,9,9,1,7,5,7,7,17,5,10,5,1,5,4,3,1,1,1,4,1,6,2,5,2,4,0,17,5,12,5,4,1,3,0,7,5,5,7,2,6,8,10,4,10,9,2,2,3,3,10,3,5,6,5,0,5,3,5,1.891611218,3.710493856
"459","1634",254,90,54,63,47,43.30708661,56.69291339,13,25,10,11,4,13,20,6,15,10,14,10,14,28,17,25,3,6,8,1,4,6,2,2,2,1,3,4,3,1,5,4,3,5,3,4,2,2,3,4,2,2,3,7,0,3,0,5,0,2,2,8,3,4,1,3,7,6,1,6,10,3,11,6,3,1,3,3,1,4,4,0,2,8,7,7,4,0,11,4,3,1.954570455,3.876005061
"465","6280",43,10,10,12,11,53.48837209,46.51162791,3,3,3,2,1,5,3,1,5,1,0,3,4,3,0,2,0,1,0,0,1,1,0,1,0,1,0,1,0,0,1,1,1,1,1,0,0,3,0,1,0,0,0,1,0,1,0,1,1,0,1,0,1,0,0,1,0,0,0,1,2,0,1,0,0,2,0,0,0,0,2,2,0,1,0,0,2,0,1,0,0,1.995756389,3.9882515
"466","1031",425,108,113,100,104,48,52,19,26,29,21,14,36,28,21,26,19,23,40,19,34,24,21,5,6,7,6,5,16,4,9,6,10,6,5,6,10,3,5,4,6,8,7,6,10,5,4,0,8,8,3,6,10,3,12,2,6,5,7,8,10,4,3,8,3,6,7,5,4,7,11,3,6,6,4,12,5,4,6,6,4,7,8,5,4,9,4,5,1.998520389,3.995899752
"474","3397",105,16,41,14,34,45.71428571,54.28571429,6,1,5,1,5,10,9,8,4,14,2,14,4,3,6,3,0,0,1,0,5,4,1,2,9,4,0,2,1,3,1,2,0,4,1,4,2,2,1,2,2,0,6,1,0,3,1,2,1,4,2,1,1,1,1,1,1,0,0,0,1,1,1,0,3,3,0,0,1,3,0,1,1,0,1,0,0,0,0,1,0,1.857708968,3.624316553
"480","5744",309,59,61,82,107,61.16504854,38.83495146,28,20,14,17,27,22,18,30,17,13,3,23,17,17,7,14,1,4,2,0,4,3,1,5,7,9,0,5,1,5,3,5,2,4,10,2,2,11,9,5,12,1,7,5,6,6,12,5,7,2,5,2,1,3,5,7,7,1,0,4,3,3,5,6,5,4,2,5,2,15,4,4,0,3,7,7,5,5,7,2,1,1.95590591,3.879594613
"485","3566",259,57,40,85,77,62.54826255,37.45173745,29,19,5,24,18,12,19,18,12,9,6,11,9,23,12,9,2,2,3,1,2,1,1,0,2,5,1,2,2,4,4,2,8,5,3,3,1,3,8,5,6,1,7,0,2,3,5,10,6,2,3,4,1,5,2,0,6,3,1,3,7,1,5,8,1,4,4,3,1,9,2,12,0,5,6,7,3,8,7,8,2,1.944635902,3.849406163
"496","1031",1216,266,182,391,377,63.15789474,36.84210526,136,81,30,106,93,93,77,86,58,29,17,66,60,97,18,62,6,13,5,5,10,17,1,5,14,23,6,24,5,15,5,24,16,13,25,6,8,30,26,18,20,8,19,20,18,37,36,32,46,3,16,6,11,9,19,14,38,0,5,26,15,15,27,32,8,33,5,6,8,38,21,53,4,33,22,35,10,31,31,32,6,1.939901973,3.83679577
"498","56998",338,57,98,79,104,54.14201183,45.85798817,21,15,21,17,4,34,25,31,28,26,8,27,15,25,8,8,0,6,2,0,8,8,3,9,12,14,3,6,2,5,9,6,7,13,16,1,2,6,10,6,0,3,10,3,1,11,2,15,1,4,4,1,5,3,6,3,9,1,0,1,3,0,4,8,6,6,3,4,5,8,3,6,2,5,3,5,8,2,6,3,0,1.964309302,3.902258369
"502","6278",111,28,29,22,32,48.64864865,51.35135135,8,6,2,4,2,14,10,5,7,6,3,10,8,7,3,5,0,3,1,0,2,4,1,1,2,3,1,1,1,2,2,1,2,5,2,2,1,5,1,3,1,1,3,2,0,3,0,2,0,0,3,0,0,2,0,1,4,1,0,4,1,1,3,2,0,5,0,0,1,2,2,2,0,1,2,2,1,0,2,1,0,1.987254765,3.964818336
"503","4318",19,4,3,2,10,63.15789474,36.84210526,1,1,0,0,0,3,2,2,1,0,0,2,3,1,0,0,0,0,0,0,0,1,0,0,0,0,0,1,0,1,0,1,0,0,2,0,0,2,1,2,0,0,0,0,0,1,0,0,0,0,0,0,0,0,1,0,0,0,0,0,1,0,0,0,0,0,0,0,0,1,1,0,0,0,0,0,0,0,0,0,0,1.722971279,3.301155915
"507","3725",1257,245,199,456,357,64.6778043,35.3221957,143,104,60,108,108,75,65,79,71,37,24,56,49,128,16,42,3,17,8,11,9,13,3,13,13,21,2,23,7,10,12,23,18,18,18,6,7,20,25,12,35,6,20,13,17,30,34,34,46,4,16,4,22,6,12,11,42,3,11,10,28,10,27,31,10,27,3,18,16,39,24,40,8,24,21,37,25,47,49,40,3,1.927237514,3.803262493
"519","2706",199,44,67,48,40,44.22110553,55.77889447,8,13,21,5,2,16,10,9,21,18,9,14,6,19,7,9,2,3,4,3,5,5,1,8,6,5,1,4,3,3,7,4,3,4,5,2,1,3,3,1,1,4,3,2,0,5,1,5,0,4,2,1,5,1,3,2,3,0,3,2,7,0,5,2,8,4,2,4,4,1,2,0,2,3,3,1,6,0,6,0,2,1.970301551,3.918500147
"522","10735",174,59,33,41,41,47.12643678,52.87356322,9,19,5,7,12,5,10,11,7,7,9,8,10,14,13,15,3,5,3,1,2,2,2,2,2,3,1,0,2,0,2,0,0,1,1,2,1,2,3,4,3,1,6,2,3,1,2,2,5,4,1,4,0,1,4,2,2,3,1,5,10,2,9,2,1,1,3,2,2,2,3,4,1,1,10,1,1,4,2,1,3,1.966735391,3.908826071
"524","5720",63,3,16,15,29,69.84126984,30.15873016,7,0,4,4,7,6,2,8,3,4,1,6,2,1,0,0,0,0,0,1,1,0,0,1,3,4,0,2,0,0,1,2,0,3,2,0,1,2,5,2,3,1,2,0,0,0,2,0,3,0,2,0,0,0,0,0,0,0,1,0,0,0,0,1,0,2,0,2,1,2,0,2,0,0,0,0,2,3,0,0,0,1.719506982,3.293238466
"527","4893",254,33,54,103,64,65.7480315,34.2519685,24,12,21,34,21,16,9,15,24,10,3,15,7,11,5,5,2,4,1,1,1,4,0,5,5,7,1,4,1,2,3,4,11,3,4,3,5,4,3,1,4,1,3,2,1,8,8,3,11,2,3,1,2,1,0,2,3,0,1,3,1,3,2,5,4,5,1,9,5,8,3,13,1,3,2,5,9,8,5,11,2,1.886564666,3.697537209
"549","3020",121,20,22,36,43,65.2892562,34.7107438,16,5,7,6,15,9,5,12,3,3,3,12,2,10,2,6,0,0,2,0,1,4,0,2,2,2,1,0,0,1,1,0,0,1,1,0,1,5,0,0,11,0,3,2,2,1,8,3,0,1,0,1,1,1,0,1,4,0,0,0,1,1,4,4,1,3,0,2,2,10,0,0,3,1,2,2,1,2,3,2,0,1.927187683,3.803131131
"561","56998",312,47,42,107,116,71.47435897,28.52564103,46,18,7,27,30,25,20,32,19,7,3,11,18,23,1,5,0,7,1,0,2,2,0,1,3,5,2,10,1,1,3,10,1,3,8,0,0,5,9,6,11,2,6,1,1,14,14,13,16,1,5,1,3,0,5,2,9,0,0,0,3,2,2,8,3,10,0,3,2,18,7,14,0,7,3,7,2,9,8,7,0,1.861024748,3.632655986
"572","10735",281,86,65,65,65,46.2633452,53.7366548,12,24,9,15,11,15,15,17,16,15,14,18,11,18,24,22,3,5,6,1,2,6,3,3,7,6,2,2,3,3,4,2,6,5,2,8,2,4,6,4,2,1,8,1,5,4,4,2,2,8,4,6,1,5,3,2,2,6,1,8,9,2,11,5,1,2,4,3,1,5,3,6,2,2,12,4,5,2,4,4,3,1.98844592,3.968093224
"574","10735",20,3,0,0,1,5,15,0,0,0,0,0,0,0,0,0,0,0,0,0,0,0,0,0,0,0,0,0,0,0,0,0,0,0,0,0,0,0,0,0,0,0,0,0,0,0,0,0,0,0,0,0,0,0,0,0,0,0,0,0,0,0,0,0,0,0,0,0,0,0,0,0,0,0,0,0,0,0,0,0,0,0,0,0,0,0,0,0,3.38418372,10.4409691
"589","10735",280,97,62,69,52,43.21428571,56.78571429,15,27,10,16,8,14,14,13,13,15,19,11,10,30,19,26,4,4,7,5,4,4,3,3,6,5,2,0,4,1,3,0,5,4,3,3,1,4,3,4,3,3,6,3,2,3,4,4,2,7,3,7,2,0,3,3,6,6,5,9,13,2,12,8,2,3,4,3,1,5,1,6,4,5,12,7,3,2,8,1,4,1.960487411,3.891934447
"601","10735",176,57,40,50,29,44.88636364,55.11363636,9,18,8,13,6,5,8,7,10,11,12,4,6,18,13,14,3,5,4,2,3,3,3,2,3,1,1,0,3,0,4,0,3,3,0,2,2,0,3,4,1,1,5,1,1,1,2,1,2,4,0,4,2,0,4,0,2,4,2,4,7,1,9,7,3,2,2,2,1,2,1,6,2,2,8,4,2,3,6,2,3,1.957010522,3.882566197
"613","10735",215,53,53,52,57,50.69767442,49.30232558,11,18,7,12,10,13,12,15,14,12,8,17,7,12,18,11,3,5,2,1,2,6,2,3,6,6,1,2,2,2,3,2,4,4,2,7,2,4,6,2,2,0,7,1,4,4,3,2,2,5,2,3,0,5,2,1,2,3,1,3,6,2,7,4,1,2,4,2,1,4,3,5,1,2,8,3,4,2,2,3,3,1.99908976,3.997477074
"616","6273",359,78,69,111,101,59.05292479,40.94707521,27,24,16,30,4,26,34,26,26,9,7,23,14,36,15,11,5,5,2,2,3,5,1,4,4,7,2,7,1,10,3,7,10,5,13,7,1,8,11,7,2,3,10,4,0,10,1,16,1,2,3,2,4,6,5,1,8,1,2,2,10,0,6,13,1,5,5,7,5,12,4,9,2,8,3,8,8,2,11,11,5,1.974165712,3.929009652
"622","10735",445,160,69,112,104,48.53932584,51.46067416,24,40,18,22,24,16,20,34,20,14,14,18,18,37,18,53,3,8,3,3,3,6,3,5,7,7,3,3,2,1,4,3,3,4,5,3,4,4,9,6,10,1,13,6,7,7,11,5,3,6,1,6,4,3,10,6,6,4,3,23,16,2,17,11,3,4,4,3,4,12,3,5,5,1,20,9,6,6,12,7,3,1.938636437,3.833431597
"636","4320",25,5,0,10,10,80,20,5,0,0,2,2,0,3,3,0,0,0,0,0,4,0,1,0,0,0,0,0,0,0,0,0,0,0,0,0,0,0,0,0,0,0,0,0,0,2,0,0,0,1,1,0,0,1,2,1,0,0,0,0,0,0,0,4,0,0,0,0,0,1,0,0,0,0,0,0,2,0,1,0,2,0,0,0,1,0,1,0,1.521928095,2.871745887
"638","6273",403,67,86,132,118,62.03473945,37.96526055,29,19,22,42,4,41,26,35,39,12,7,25,16,27,8,12,4,4,3,1,3,5,1,3,5,12,2,8,1,6,6,8,24,6,17,1,0,10,11,11,1,2,13,6,2,21,1,8,1,0,5,4,7,2,6,0,5,1,1,2,3,1,7,12,6,11,2,12,6,13,3,15,2,3,2,10,8,2,11,17,4,1.952157993,3.869529057
"648","1015",93,37,22,19,15,36.55913978,63.44086022,1,11,4,3,2,4,5,3,5,6,4,3,8,9,4,12,1,3,2,1,3,1,0,1,0,0,1,0,2,0,2,0,1,2,0,1,1,1,0,2,0,0,3,1,1,1,0,1,0,2,3,3,2,0,3,2,1,1,1,4,4,0,5,2,0,0,0,0,2,0,3,0,1,1,7,3,1,0,1,0,1,1.91366148,3.767640936
"653","4320",22,4,0,9,9,81.81818182,18.18181818,4,0,0,2,2,0,2,3,0,0,0,0,0,3,0,1,0,0,0,0,0,0,0,0,0,0,0,0,0,0,0,0,0,0,0,0,0,0,2,0,0,0,1,0,0,0,1,2,1,0,0,0,0,0,0,0,3,0,0,0,0,0,1,0,0,0,0,0,0,2,0,1,0,1,0,0,0,1,0,1,0,1.502220254,2.83278332
"664","1634",20,3,0,0,1,5,15,0,0,0,0,0,0,0,0,0,0,0,0,0,0,0,0,0,0,0,0,0,0,0,0,0,0,0,0,0,0,0,0,0,0,0,0,0,0,0,0,0,0,0,0,0,0,0,0,0,0,0,0,0,0,0,0,0,0,0,0,0,0,0,0,0,0,0,0,0,0,0,0,0,0,0,0,0,0,0,0,0,3.38418372,10.4409691
"665","4320",20,3,0,0,1,5,15,0,0,0,0,0,0,0,0,0,0,0,0,0,0,0,0,0,0,0,0,0,0,0,0,0,0,0,0,0,0,0,0,0,0,0,0,0,0,0,0,0,0,0,0,0,0,0,0,0,0,0,0,0,0,0,0,0,0,0,0,0,0,0,0,0,0,0,0,0,0,0,0,0,0,0,0,0,0,0,0,0,3.38418372,10.4409691
"675","3315",291,56,50,71,114,63.57388316,36.42611684,25,17,10,17,17,24,20,34,16,7,4,20,17,19,6,12,1,4,1,0,3,4,0,3,6,14,3,5,1,1,0,5,4,3,10,3,2,8,15,6,4,2,8,5,3,11,7,5,7,0,3,3,3,4,6,3,7,1,0,2,3,5,5,6,4,7,0,2,2,6,4,8,0,8,5,7,3,4,7,2,1,1.920317981,3.785064753
"687","4313",319,85,79,78,77,48.58934169,51.41065831,20,20,16,17,1,29,25,17,28,15,12,21,14,27,16,21,9,7,4,5,3,10,1,3,5,3,2,8,7,8,3,8,9,9,9,4,0,8,4,3,1,3,5,8,0,9,1,9,0,1,5,7,6,5,6,5,6,1,5,6,7,0,8,7,5,5,4,6,3,6,4,5,1,9,7,5,7,0,4,4,9,1.998914666,3.996991946
"736","3956",20,3,0,0,1,5,15,0,0,0,0,0,0,0,0,0,0,0,0,0,0,0,0,0,0,0,0,0,0,0,0,0,0,0,0,0,0,0,0,0,0,0,0,0,0,0,0,0,0,0,0,0,0,0,0,0,0,0,0,0,0,0,0,0,0,0,0,0,0,0,0,0,0,0,0,0,0,0,0,0,0,0,0,0,0,0,0,0,3.38418372,10.4409691
"744","3303",214,40,39,65,70,63.08411215,36.91588785,20,19,11,13,20,14,12,18,9,8,2,16,10,22,2,6,0,2,0,1,3,3,0,3,6,9,1,4,0,1,1,4,0,3,3,0,4,4,4,2,2,2,6,2,6,5,8,8,8,0,2,1,4,2,5,3,8,0,1,0,4,1,2,5,4,6,1,0,4,3,4,6,0,3,3,6,3,7,9,1,0,1.949357036,3.862023749
"750","3956",46,8,9,12,17,63.04347826,36.95652174,4,3,1,3,2,6,3,4,5,0,0,3,3,1,2,2,0,1,0,0,0,0,0,0,0,2,0,2,0,1,0,2,2,0,3,1,0,2,1,0,1,0,0,1,0,4,1,1,1,0,1,1,0,1,0,1,1,0,0,0,0,0,0,0,0,1,0,1,0,2,2,0,0,0,1,2,1,1,0,1,0,1.935828406,3.825977543
"766","7076",54,6,9,20,19,72.22222222,27.77777778,9,1,3,4,2,5,5,5,7,1,0,1,2,3,0,0,0,0,0,0,0,0,0,0,0,1,0,4,0,0,1,4,3,1,0,0,2,1,2,2,0,0,3,0,0,3,2,2,0,0,1,0,0,0,1,0,2,0,0,0,0,0,0,1,0,4,0,1,0,3,0,3,0,2,0,0,3,0,1,2,0,1.843993342,3.590023634
"791","8839",20,3,0,0,1,5,15,0,0,0,0,0,0,0,0,0,0,0,0,0,0,0,0,0,0,0,0,0,0,0,0,0,0,0,0,0,0,0,0,0,0,0,0,0,0,0,0,0,0,0,0,0,0,0,0,0,0,0,0,0,0,0,0,0,0,0,0,0,0,0,0,0,0,0,0,0,0,0,0,0,0,0,0,0,0,0,0,0,3.38418372,10.4409691
"829","7076",20,3,0,0,1,5,15,0,0,0,0,0,0,0,0,0,0,0,0,0,0,0,0,0,0,0,0,0,0,0,0,0,0,0,0,0,0,0,0,0,0,0,0,0,0,0,0,0,0,0,0,0,0,0,0,0,0,0,0,0,0,0,0,0,0,0,0,0,0,0,0,0,0,0,0,0,0,0,0,0,0,0,0,0,0,0,0,0,3.38418372,10.4409691
"834","1475",31,13,4,5,9,45.16129032,54.83870968,3,1,1,0,0,1,5,3,1,0,0,3,0,4,2,4,0,0,0,0,0,0,0,1,0,2,0,0,0,1,0,0,0,0,1,0,0,0,0,0,0,0,2,3,0,1,0,2,0,0,0,1,0,2,0,0,3,0,0,1,1,0,2,0,0,0,0,0,1,1,0,0,0,2,1,0,0,0,0,0,0,1.849529155,3.603825496
"887","3861",20,3,0,0,1,5,15,0,0,0,0,0,0,0,0,0,0,0,0,0,0,0,0,0,0,0,0,0,0,0,0,0,0,0,0,0,0,0,0,0,0,0,0,0,0,0,0,0,0,0,0,0,0,0,0,0,0,0,0,0,0,0,0,0,0,0,0,0,0,0,0,0,0,0,0,0,0,0,0,0,0,0,0,0,0,0,0,0,3.38418372,10.4409691
"888","10735",175,72,41,34,28,35.42857143,64.57142857,4,17,6,6,2,5,10,9,9,11,14,5,8,16,17,20,2,4,6,1,2,2,3,2,3,2,2,1,3,1,4,1,2,3,1,3,1,0,2,4,0,1,6,1,1,1,1,2,0,6,2,6,1,1,3,1,1,6,1,8,9,1,10,4,1,0,2,2,1,3,1,2,2,1,10,2,2,0,3,1,2,1.899931645,3.731955141
"914","5757;728026",136,26,20,47,43,66.17647059,33.82352941,15,12,5,10,16,9,5,9,7,1,5,7,8,8,5,3,2,3,1,2,0,0,1,1,0,2,0,2,0,0,1,2,1,1,2,2,1,2,3,1,6,4,1,0,3,2,6,2,5,0,2,1,2,2,4,2,1,1,2,1,3,1,0,2,0,5,1,0,3,3,5,5,0,3,2,3,2,4,4,5,2,1.918013907,3.779024592
"934","7076",75,18,10,16,31,62.66666667,37.33333333,9,6,0,1,5,4,8,9,1,1,2,5,4,9,4,1,0,0,0,1,1,1,1,0,0,2,0,1,1,1,0,1,0,0,2,1,0,2,3,2,5,1,5,0,0,1,2,5,0,1,0,0,0,3,2,1,2,0,1,0,4,0,0,1,0,1,1,0,0,5,1,1,0,1,1,0,0,2,2,0,0,1.884045136,3.691085447
"974","1828",309,116,86,59,48,34.62783172,65.37216828,8,27,12,11,2,12,25,9,21,20,21,12,19,24,30,30,10,9,8,3,11,4,6,3,4,1,4,3,5,7,3,3,6,1,2,4,0,2,0,7,2,4,6,8,0,5,1,6,0,8,3,14,8,3,6,7,1,7,3,11,9,1,7,5,3,3,6,1,3,2,1,2,3,3,12,8,3,0,7,1,10,1.917616088,3.777982682
"989","10735",171,51,45,32,43,43.85964912,56.14035088,8,14,6,4,3,10,13,11,12,12,8,9,9,13,13,11,2,6,2,1,4,4,2,3,5,3,1,3,2,2,3,3,0,4,1,3,1,1,5,6,1,0,7,2,1,5,1,2,0,5,2,3,1,1,4,1,2,3,1,3,6,2,7,4,1,3,3,1,2,2,1,2,1,3,7,1,2,0,2,0,2,1.980680198,3.946791201
"994","1015",126,30,37,34,25,46.82539683,53.17460317,4,12,7,9,2,9,3,6,15,8,4,7,4,6,10,8,1,6,1,1,2,3,2,2,0,2,0,1,1,2,6,1,6,3,1,0,0,1,3,2,1,0,1,1,0,5,1,0,1,3,1,4,4,4,1,1,0,2,1,2,1,1,2,1,1,4,4,1,2,0,1,2,1,0,4,5,3,0,3,2,1,1.985005053,3.958640489
"1006","5720",20,3,0,0,1,5,15,0,0,0,0,0,0,0,0,0,0,0,0,0,0,0,0,0,0,0,0,0,0,0,0,0,0,0,0,0,0,0,0,0,0,0,0,0,0,0,0,0,0,0,0,0,0,0,0,0,0,0,0,0,0,0,0,0,0,0,0,0,0,0,0,0,0,0,0,0,0,0,0,0,0,0,0,0,0,0,0,0,3.38418372,10.4409691
"1013","3850",75,11,27,6,31,49.33333333,50.66666667,3,1,2,0,1,15,4,6,3,7,3,13,5,2,2,2,0,1,1,0,1,5,0,1,4,5,2,1,3,1,0,1,0,6,4,1,0,6,3,1,1,0,2,1,0,2,0,1,0,1,3,0,1,1,0,1,1,0,0,0,0,0,1,0,0,2,0,0,1,1,1,0,0,0,0,0,1,0,0,0,0,1.755144411,3.375601058
"1049","3956",15,3,4,2,6,53.33333333,46.66666667,0,1,0,1,0,3,1,1,1,0,0,2,1,0,1,1,0,0,0,0,0,0,0,0,0,1,0,0,0,1,0,0,1,0,1,0,0,2,0,0,0,0,0,1,0,1,0,0,0,0,1,1,0,0,0,0,0,0,0,0,0,0,0,0,0,0,0,0,0,0,1,0,0,0,0,1,0,0,0,0,0,1.889246429,3.704416792
"1083","3315",25,7,2,8,8,64,36,2,3,2,0,1,0,4,2,0,0,0,2,1,6,0,0,0,0,0,0,0,0,0,0,0,1,0,0,0,1,0,0,0,0,0,0,1,0,0,0,0,0,2,0,0,0,0,4,0,0,0,0,1,0,0,0,2,0,0,0,2,1,0,0,0,0,0,0,2,1,1,0,0,1,0,0,0,0,2,0,0,1.857796812,3.624537239
"1091","56998",351,41,46,115,149,75.21367521,24.78632479,56,15,7,29,37,29,18,47,18,6,3,17,11,24,2,4,1,5,1,0,2,2,0,1,3,11,2,11,1,1,2,11,1,2,14,0,0,10,16,6,15,2,8,0,0,14,18,12,19,1,3,1,3,0,4,1,10,0,0,0,3,1,2,8,3,10,1,3,3,25,2,17,0,6,3,7,1,12,9,6,1,1.798258994,3.478002558
"1116","1634",184,50,52,37,45,44.56521739,55.43478261,8,10,9,8,1,15,13,11,11,13,11,11,10,14,10,11,1,4,3,3,5,2,1,3,4,6,4,1,4,3,3,1,3,4,8,2,0,5,3,3,0,2,1,3,0,4,1,4,1,4,2,5,3,1,4,2,4,3,3,5,3,0,2,4,3,3,2,3,1,0,0,3,2,5,3,2,3,0,5,2,1,1.988242181,3.967532884
"1127","8797",20,3,0,0,1,5,15,0,0,0,0,0,0,0,0,0,0,0,0,0,0,0,0,0,0,0,0,0,0,0,0,0,0,0,0,0,0,0,0,0,0,0,0,0,0,0,0,0,0,0,0,0,0,0,0,0,0,0,0,0,0,0,0,0,0,0,0,0,0,0,0,0,0,0,0,0,0,0,0,0,0,0,0,0,0,0,0,0,3.38418372,10.4409691
"1163","1634",212,46,99,23,44,31.60377358,68.39622642,3,8,8,4,3,27,7,5,10,32,14,25,9,6,14,14,4,3,6,0,15,16,2,3,22,5,6,1,3,2,2,1,3,20,5,1,2,2,1,0,0,3,0,4,1,2,0,2,0,4,2,7,1,0,0,2,2,5,0,3,2,2,3,1,2,3,4,2,1,0,1,0,3,0,2,2,2,0,1,0,4,1.809773891,3.505873377
"1180","7077",318,69,68,92,89,56.91823899,43.08176101,21,25,16,24,9,26,23,23,24,9,7,25,12,28,14,11,4,3,2,1,3,9,4,5,1,5,0,6,3,9,4,6,8,5,10,5,3,8,8,4,3,1,6,4,1,9,3,10,2,1,2,0,4,8,6,4,6,1,1,3,5,3,6,13,2,4,5,1,5,8,4,6,2,7,5,16,7,2,11,4,4,1.986016175,3.961415902
"1186","7077",271,58,61,71,81,56.08856089,43.91143911,18,18,15,15,9,22,20,22,21,9,7,21,12,20,12,10,4,3,2,1,3,8,4,5,1,5,0,6,3,7,4,6,5,5,9,3,3,7,8,4,3,1,6,4,1,7,3,9,2,1,2,0,4,6,6,4,5,1,1,3,5,3,5,6,2,3,5,1,5,7,4,4,2,6,4,9,6,2,5,3,4,1.987323318,3.965006739
"1191","4313",133,37,31,32,33,48.87218045,51.12781955,11,7,5,6,1,14,11,6,13,6,6,4,11,9,3,11,1,2,3,1,2,4,1,3,1,0,1,5,0,0,4,5,3,3,3,1,1,1,1,3,0,4,2,5,0,6,0,1,0,0,2,1,1,1,3,4,3,1,1,2,2,0,4,3,2,5,0,0,1,2,2,3,1,3,3,3,1,1,1,2,1,1.99667442,3.990790153
"1199","3566",180,31,38,58,53,61.66666667,38.33333333,20,10,8,17,9,18,9,12,16,6,3,12,4,13,5,6,2,1,3,0,1,7,0,1,1,2,0,7,1,1,4,7,7,4,6,2,1,6,3,2,2,1,3,0,2,6,1,5,3,0,0,2,2,3,2,1,4,0,0,2,1,1,3,6,2,5,1,4,1,7,1,6,1,4,3,6,4,3,5,3,2,1.95660858,3.881484644
"1226","7275",59,8,0,23,28,86.44067797,13.55932203,13,4,0,5,10,0,3,10,0,0,0,0,0,7,0,1,0,0,0,0,0,0,0,0,0,0,0,0,0,0,0,0,0,0,0,0,0,0,4,0,5,0,2,1,1,0,6,2,4,0,0,0,0,0,0,0,6,0,0,0,0,0,1,1,0,0,0,0,0,8,0,2,0,0,0,3,0,3,4,0,0,1.430984358,2.696306229
"1238","1634",71,20,23,17,11,39.43661972,60.56338028,2,4,6,4,0,3,5,1,7,6,4,4,2,5,7,4,2,3,1,1,1,1,0,2,3,1,2,0,0,2,3,0,2,1,1,2,0,0,1,0,0,1,0,1,0,1,0,2,0,2,0,2,1,0,0,0,1,2,1,2,1,0,1,2,3,1,2,3,1,0,0,1,1,1,1,0,1,0,1,1,2,1.952266796,3.869820893
"1272","1015",20,3,0,0,1,5,15,0,0,0,0,0,0,0,0,0,0,0,0,0,0,0,0,0,0,0,0,0,0,0,0,0,0,0,0,0,0,0,0,0,0,0,0,0,0,0,0,0,0,0,0,0,0,0,0,0,0,0,0,0,0,0,0,0,0,0,0,0,0,0,0,0,0,0,0,0,0,0,0,0,0,0,0,0,0,0,0,0,3.38418372,10.4409691
"1287","1634",111,34,29,23,25,43.24324324,56.75675676,5,9,3,5,0,9,9,4,8,6,5,7,6,9,9,8,2,3,2,0,2,4,1,1,1,1,2,2,2,1,3,2,2,3,2,3,0,2,2,2,0,1,2,2,0,2,0,2,0,1,2,3,0,3,0,1,3,2,0,2,3,0,3,2,2,0,2,2,0,3,1,0,0,2,3,2,1,0,3,1,2,1.983663477,3.954961024
"1288","3566",113,17,11,43,42,75.22123894,24.77876106,17,4,2,14,12,4,7,11,4,3,0,4,3,7,2,3,1,0,0,0,0,1,0,0,1,3,0,1,0,0,2,1,3,3,1,1,0,1,6,2,5,0,4,0,1,0,3,4,4,0,1,1,0,1,1,0,2,0,0,1,0,1,2,5,0,1,0,2,1,5,1,7,0,3,2,3,1,5,1,6,1,1.79940611,3.480769089
"1290","5720",617,155,117,191,154,55.91572123,44.08427877,48,60,28,46,22,38,40,40,48,19,8,32,19,66,23,39,10,16,2,2,8,6,1,7,7,12,3,11,1,8,9,11,13,7,13,6,4,9,14,5,8,4,18,14,2,16,5,15,8,7,5,4,4,5,8,6,19,1,2,8,19,0,27,22,3,14,12,12,10,15,5,10,2,8,21,21,13,11,22,7,10,1.979003521,3.94220697
"1295","7077",223,58,42,72,51,55.15695067,44.84304933,15,24,7,20,7,14,16,11,17,6,4,14,7,22,14,11,4,4,1,0,1,3,3,1,0,1,0,5,1,7,5,5,7,4,4,5,2,3,3,2,2,1,4,4,1,5,2,5,2,1,1,1,3,8,3,2,3,1,0,3,6,2,7,10,1,4,5,1,2,6,3,5,1,4,6,13,3,1,10,4,4,1.972341505,3.92404478
"1299","1634",205,73,46,48,38,41.95121951,58.04878049,12,18,7,8,2,11,17,5,13,10,10,8,10,22,14,21,3,4,6,0,4,5,2,2,2,1,2,4,3,1,5,4,3,5,2,3,1,2,2,3,1,1,3,7,0,2,0,4,0,2,2,6,1,3,1,3,7,4,0,6,8,2,9,4,3,1,3,3,0,3,1,0,1,8,5,4,3,0,9,3,3,1.955380156,3.878181051
"1321","5744",230,32,42,61,95,67.82608696,32.17391304,27,12,8,11,26,21,12,27,13,7,1,19,14,8,3,6,1,4,1,0,2,3,0,3,3,9,0,5,0,2,3,5,1,2,10,2,2,12,8,4,12,1,4,2,5,6,12,3,7,1,4,0,0,1,3,5,5,0,0,1,1,3,1,2,3,4,1,3,2,14,4,5,0,3,3,2,2,5,4,2,1,1.878583129,3.67713751
"1352","1634",562,200,168,100,94,34.51957295,65.48042705,22,32,28,14,1,38,39,12,44,42,41,25,31,37,45,60,11,12,21,7,12,12,8,14,11,4,5,11,14,6,11,11,7,14,5,14,1,6,3,3,0,6,7,14,0,12,0,8,0,13,9,16,9,6,4,19,5,13,7,25,15,0,17,7,9,10,7,4,2,4,4,6,7,8,16,4,9,0,4,4,11,1.925889779,3.799711226
"1362","5744",124,30,21,30,43,58.87096774,41.12903226,8,10,5,6,7,8,12,11,7,4,1,7,13,9,2,5,0,2,0,1,1,1,0,2,2,2,0,0,0,2,2,0,2,3,4,0,0,3,4,4,4,0,4,2,2,2,3,5,1,0,3,1,0,2,4,3,3,0,1,1,3,2,1,3,1,0,1,2,0,5,4,1,1,2,3,3,2,0,2,1,0,1.954345616,3.875401048
"1369","5744",541,134,138,121,148,49.72273567,50.27726433,36,41,18,21,28,40,30,37,28,37,15,39,23,39,24,39,2,6,9,2,17,10,3,7,16,13,1,9,8,10,6,9,5,11,15,5,2,14,11,5,12,3,8,9,7,12,12,10,7,13,6,8,3,6,5,11,10,3,2,9,17,4,16,8,6,8,8,5,3,17,5,5,1,5,17,10,6,5,10,4,2,1.996279837,3.989698804
"1401","1565",90,10,23,39,18,63.33333333,36.66666667,6,5,13,11,0,6,4,7,15,1,1,4,0,9,1,0,0,2,0,1,1,1,0,3,0,3,0,4,0,0,1,4,5,0,4,1,0,1,1,0,0,0,3,0,0,5,0,3,0,1,0,0,2,0,0,0,1,0,1,0,2,0,0,4,0,1,0,6,3,4,0,1,1,1,0,1,8,0,4,2,0,1.842402624,3.58606745
"1407","1634",167,54,39,43,31,44.31137725,55.68862275,9,17,6,8,1,11,12,4,10,9,7,8,7,20,9,14,2,3,4,0,4,5,1,1,2,1,2,3,3,1,4,3,3,5,2,3,1,2,2,2,0,1,2,3,0,2,0,4,0,1,2,3,0,3,0,2,6,2,0,4,8,1,7,4,3,1,2,3,0,3,1,0,1,5,5,4,2,0,9,3,2,1.971703803,3.922310651
"1429","5744",67,12,12,22,21,64.17910448,35.82089552,4,8,4,4,5,4,4,4,3,3,0,6,4,7,1,0,0,1,0,0,0,1,0,1,2,4,0,1,0,0,1,1,0,1,1,1,0,1,3,1,1,0,2,0,2,2,1,2,2,1,2,0,1,0,0,0,2,0,0,0,3,0,0,1,1,0,0,2,3,0,3,0,0,1,0,2,0,2,4,1,0,1.940936034,3.839546802
"1437","3566",348,77,63,106,102,59.77011494,40.22988506,37,23,11,25,19,22,28,21,25,10,8,18,15,27,18,12,5,5,3,3,2,5,1,4,3,7,1,6,2,4,4,6,9,6,6,7,3,5,10,10,5,2,8,0,2,8,4,9,7,2,4,5,1,8,3,0,10,3,3,4,8,2,7,7,1,6,5,2,1,9,2,14,1,10,8,7,6,9,8,10,5,1.969213174,3.915545125
"1447","4313",20,3,0,0,1,5,15,0,0,0,0,0,0,0,0,0,0,0,0,0,0,0,0,0,0,0,0,0,0,0,0,0,0,0,0,0,0,0,0,0,0,0,0,0,0,0,0,0,0,0,0,0,0,0,0,0,0,0,0,0,0,0,0,0,0,0,0,0,0,0,0,0,0,0,0,0,0,0,0,0,0,0,0,0,0,0,0,0,3.38418372,10.4409691
"1457","8797",468,114,91,126,137,56.1965812,43.8034188,33,32,21,29,17,28,46,34,33,14,10,29,28,36,23,23,8,4,2,4,5,3,1,8,5,11,3,11,1,11,8,11,9,6,12,7,3,9,11,10,2,1,12,11,4,12,7,16,8,3,3,9,5,9,11,9,11,3,4,3,10,2,5,9,5,10,6,4,6,9,4,9,5,11,10,13,4,2,9,10,8,1.984197114,3.95642419
"1465","4313",685,184,138,172,191,52.99270073,47.00729927,48,55,26,33,11,57,59,45,57,19,20,35,44,61,29,37,15,14,3,6,6,11,4,7,8,9,7,18,3,10,6,18,17,12,15,11,4,14,19,12,2,7,22,16,5,23,2,19,0,2,12,6,10,8,14,10,17,4,6,11,19,2,16,14,3,19,8,4,4,16,13,11,6,11,15,16,12,2,17,9,15,1.989422632,3.970780553
"1466","4313",140,30,30,44,36,57.14285714,42.85714286,16,10,8,8,5,13,8,9,19,5,3,2,8,10,3,7,2,4,1,0,1,2,1,6,1,0,1,5,0,0,4,5,4,2,5,0,1,0,1,3,3,2,2,3,0,9,1,1,0,0,2,1,1,0,3,2,3,1,0,1,3,0,2,3,3,4,1,0,1,5,1,4,0,3,3,3,4,3,4,1,2,1.981099253,3.947937779
"1469","3315",155,43,21,43,48,58.70967742,41.29032258,17,11,3,8,9,7,15,12,5,4,5,6,8,17,6,7,1,1,3,1,1,1,0,0,1,1,1,2,1,4,1,2,2,1,3,4,1,2,4,2,4,1,4,2,2,3,4,7,2,2,2,2,1,0,3,2,8,3,1,4,4,2,1,2,0,1,0,1,3,7,3,2,0,6,0,3,0,3,8,3,1,1.940797729,3.83917874
"1471","1634",528,168,135,121,104,42.61363636,57.38636364,26,39,26,23,7,32,40,17,38,30,29,25,28,46,35,46,6,11,13,4,12,9,5,8,5,6,7,9,8,7,13,9,9,11,10,6,3,7,6,7,2,5,4,16,0,8,2,10,2,11,6,17,8,6,5,8,11,10,4,13,14,3,16,11,4,6,6,6,6,5,5,4,5,15,12,12,10,0,16,7,6,1.977523636,3.938165214
"1477","3857",231,69,47,52,63,49.78354978,50.21645022,9,21,5,13,5,22,20,13,15,8,11,13,24,16,12,16,1,4,2,2,0,4,5,1,1,5,2,4,2,3,5,4,6,3,6,1,1,7,2,5,0,5,4,9,2,6,2,5,1,5,8,1,1,4,5,9,2,2,2,1,7,2,5,6,0,4,5,2,0,2,8,3,2,3,4,8,3,0,4,3,1,1.983587292,3.954752179
"1552","1015",195,52,44,45,54,50.76923077,49.23076923,13,12,9,9,4,18,16,12,15,6,4,15,11,15,7,15,2,4,2,1,3,4,0,2,0,4,1,4,2,4,2,4,5,2,6,2,1,9,3,4,2,0,6,4,1,7,0,6,0,2,3,4,5,2,6,3,2,1,1,4,4,0,6,4,0,5,1,1,4,2,3,5,1,5,7,3,4,1,1,2,2,1.994329437,3.984308718
"1558","1634",112,36,35,23,18,36.60714286,63.39285714,3,7,7,5,2,7,5,2,10,9,7,6,5,5,10,12,2,3,4,0,2,1,1,2,3,2,2,2,1,2,4,2,3,1,2,1,0,1,1,0,0,2,0,3,1,3,0,1,1,3,3,5,1,0,0,2,1,4,0,4,2,0,2,1,4,1,2,4,2,0,1,0,0,1,2,1,1,1,2,1,2,1.943580095,3.846590082
"1562","4313",211,49,41,61,60,57.34597156,42.65402844,19,15,12,10,8,19,14,15,15,4,9,11,11,22,4,10,2,3,2,4,2,3,1,5,3,4,2,6,0,2,1,6,1,1,8,0,2,3,4,2,3,6,4,5,2,8,2,6,1,0,1,1,2,1,5,3,6,1,4,1,6,1,4,7,3,6,2,2,3,5,3,4,2,4,3,3,4,4,5,3,2,1.981910431,3.950158195
"1564","3566",327,43,31,136,117,77.37003058,22.62996942,48,20,9,43,50,10,12,30,8,7,2,14,11,19,5,6,1,1,0,1,0,2,1,0,3,7,0,4,0,0,4,4,3,4,2,1,2,4,13,5,15,0,6,0,8,1,18,6,21,0,3,1,0,4,4,1,7,0,1,1,0,4,4,12,3,3,2,7,2,16,5,18,2,6,6,11,2,17,7,16,1,1.764042579,3.396485226
"1567","7077",293,81,60,74,78,51.87713311,48.12286689,13,22,13,18,10,15,28,17,13,11,10,23,17,24,18,16,3,4,3,1,3,5,5,2,7,8,1,3,2,7,2,3,4,4,5,4,2,6,8,3,0,2,10,8,5,3,2,13,3,6,2,2,6,6,5,7,5,3,1,5,4,3,6,9,1,2,7,3,4,4,6,4,3,4,5,9,5,3,4,7,3,1.990995052,3.97511074
"1572","3566",168,25,19,73,51,73.80952381,26.19047619,23,13,7,24,21,9,8,8,8,2,1,8,8,13,1,2,0,1,0,0,0,2,0,1,1,3,1,2,0,0,1,2,4,1,2,1,2,4,3,1,4,1,2,1,3,3,2,5,11,0,1,0,1,1,2,0,3,0,0,0,3,2,2,6,1,4,0,3,2,2,6,12,0,3,1,6,4,12,5,6,0,1.809234609,3.504563121
"1594","5744",20,3,0,0,1,5,15,0,0,0,0,0,0,0,0,0,0,0,0,0,0,0,0,0,0,0,0,0,0,0,0,0,0,0,0,0,0,0,0,0,0,0,0,0,0,0,0,0,0,0,0,0,0,0,0,0,0,0,0,0,0,0,0,0,0,0,0,0,0,0,0,0,0,0,0,0,0,0,0,0,0,0,0,0,0,0,0,0,3.38418372,10.4409691
"1606","1634",88,26,26,20,16,40.90909091,59.09090909,3,5,6,5,1,5,4,3,8,6,5,5,2,5,8,7,1,3,3,0,1,1,0,3,2,3,2,0,2,1,2,0,2,1,2,2,0,2,2,0,0,0,0,1,0,2,1,1,1,3,0,4,1,1,0,0,1,2,0,4,1,0,1,2,2,2,2,2,0,0,0,2,1,1,1,1,3,0,2,1,1,1.972369945,3.924122136
"1614","3566",246,56,39,81,70,61.38211382,38.61788618,27,18,5,23,16,11,18,16,12,9,6,10,9,22,12,9,2,2,3,1,2,1,1,0,2,4,1,2,2,4,4,2,8,5,3,3,1,2,7,5,5,1,6,0,2,3,4,9,6,2,3,4,1,5,2,0,6,3,1,3,7,1,5,7,1,4,4,3,1,8,2,12,0,5,5,6,3,7,7,8,2,1.950968881,3.86634099
"1619","5720",36,2,7,10,17,75,25,4,0,3,3,4,3,1,5,2,1,1,2,1,1,0,0,0,0,0,1,0,0,0,1,0,2,0,1,0,0,1,1,0,1,1,0,1,1,3,1,1,1,0,0,0,0,2,0,2,0,1,0,0,0,0,0,0,0,1,0,0,0,0,1,0,1,0,1,1,1,0,2,0,0,0,0,1,2,0,0,0,1.715546287,3.284209791
"1625","1634",185,62,45,46,32,42.16216216,57.83783784,10,18,7,8,1,11,13,4,13,9,10,8,7,21,13,17,3,4,6,0,4,5,2,2,2,1,2,4,3,1,4,4,3,5,2,3,1,2,2,2,0,1,2,4,0,2,0,4,0,1,2,5,1,3,0,2,6,4,0,4,8,1,8,4,3,1,3,3,0,3,1,0,1,6,5,4,3,0,9,3,3,1.961773836,3.895406363
"1637","1667;728358;1668",50,7,12,11,20,62,38,4,3,2,2,0,8,2,5,5,0,2,5,2,4,1,0,0,1,0,2,0,3,0,1,0,0,0,2,0,1,0,2,1,0,3,0,0,1,3,1,0,2,1,0,0,4,0,1,0,0,0,0,0,1,2,0,2,0,2,0,1,0,0,1,0,1,1,1,1,2,1,0,0,0,0,1,1,0,1,0,0,1.900589306,3.733656764
"1647","3566",105,14,11,42,38,76.19047619,23.80952381,16,4,2,14,11,4,7,9,4,3,0,4,3,6,2,2,1,0,0,0,0,1,0,0,1,3,0,1,0,0,2,1,3,3,1,1,0,1,5,2,5,0,4,0,1,0,2,4,4,0,1,1,0,1,1,0,1,0,0,0,0,1,1,5,0,1,0,2,1,4,1,7,0,3,2,3,1,5,1,6,1,1.788004623,3.453369299
"1659","5744",347,51,62,92,142,67.4351585,32.5648415,43,17,12,16,38,31,20,40,18,11,3,26,20,16,4,10,1,4,1,2,4,4,0,4,6,11,0,7,0,4,4,7,2,5,14,2,3,16,12,7,20,3,9,4,6,7,15,6,8,1,7,1,0,2,6,7,9,0,2,1,2,3,2,5,4,6,1,4,2,21,5,6,0,4,5,5,4,10,6,3,1,1.885807257,3.695596528
"1665","3400",314,41,61,113,99,67.51592357,32.48407643,41,19,14,25,35,21,8,21,14,16,5,19,8,21,3,6,0,3,1,3,6,1,0,3,5,6,1,5,1,1,5,5,3,7,6,0,3,9,10,2,13,2,3,3,4,3,10,3,16,2,3,1,4,1,3,1,9,0,3,3,3,1,3,5,2,11,2,4,4,10,4,11,2,3,1,9,6,13,12,13,0,1.898375087,3.727930817
"1685","3566",101,14,11,40,36,75.24752475,24.75247525,14,4,2,14,9,4,7,9,4,3,0,4,3,6,2,2,1,0,0,0,0,1,0,0,1,3,0,1,0,0,2,1,3,3,1,1,0,1,5,2,4,0,4,0,1,0,2,4,3,0,1,1,0,1,1,0,1,0,0,0,0,1,1,5,0,1,0,2,1,4,1,7,0,3,2,3,1,4,1,6,1,1.803249695,3.490054813
"1707","3861",156,32,31,31,62,59.61538462,40.38461538,13,7,3,8,2,16,16,17,10,5,4,12,9,10,7,4,0,1,0,1,0,2,1,1,3,4,1,4,1,6,1,4,4,3,7,2,1,4,10,6,1,1,3,3,0,7,2,5,0,1,2,2,1,4,3,0,4,2,1,0,2,0,2,3,1,5,2,0,0,5,2,4,0,3,1,4,1,0,2,0,0,1.924374382,3.795722131
"1708","3956",57,14,9,11,23,59.64912281,40.35087719,7,1,0,2,0,6,6,7,4,0,1,4,1,4,3,4,1,1,1,0,0,2,0,0,0,1,0,2,0,1,0,2,1,0,2,1,0,3,3,0,0,0,4,1,0,3,0,3,0,0,0,2,0,1,1,1,3,1,0,1,0,0,1,1,0,2,0,0,0,4,0,2,0,1,1,0,0,0,0,0,1,1.904329195,3.743348052
"1710","5744",1022,301,348,156,217,36.49706458,63.50293542,34,40,46,27,8,84,76,40,58,88,86,74,59,54,89,72,15,11,33,16,35,31,23,21,29,10,13,9,32,30,18,9,15,31,20,21,4,22,9,17,1,14,13,21,2,15,3,13,1,33,20,36,10,13,15,18,15,23,16,26,17,2,14,10,15,11,8,9,8,11,7,9,13,10,14,8,9,2,10,9,15,1.937254605,3.829761646
"1711","8797",1242,346,358,291,247,43.31723027,56.68276973,52,75,64,78,17,82,85,53,90,87,73,71,61,84,88,81,15,17,27,11,32,23,17,17,20,21,15,14,32,20,22,14,39,22,24,25,5,20,10,17,0,10,20,20,6,29,7,23,6,37,20,25,18,15,16,14,15,16,11,26,23,1,28,28,15,14,18,21,15,14,15,23,10,21,20,29,22,3,22,20,15,1.984864236,3.958254119
"1713","7076",98,25,21,19,33,53.06122449,46.93877551,5,6,5,3,2,7,8,10,7,4,2,7,6,7,4,5,1,2,1,0,1,2,0,2,3,5,1,2,1,0,0,2,1,2,3,1,0,1,5,4,0,0,5,1,0,4,2,2,2,0,1,2,3,2,3,0,3,1,0,2,1,0,3,0,2,1,0,0,1,2,1,0,0,1,3,3,2,0,2,0,1,1.966641484,3.908571647
"1714","1634",5574,1762,1787,1024,1001,36.32938644,63.67061356,184,350,258,190,25,377,407,161,391,451,435,342,283,377,532,417,120,122,143,67,156,129,147,110,146,68,57,72,129,127,115,72,81,140,79,120,8,61,31,64,3,73,71,113,10,96,3,96,4,168,102,171,82,81,40,81,68,142,67,141,118,8,116,95,81,60,73,52,47,45,67,41,70,76,112,86,56,3,88,39,120,1.945326822,3.851250119
"1715","8839",504,105,115,142,142,56.34920635,43.65079365,40,27,22,39,9,47,38,37,47,17,17,27,27,34,22,19,9,4,4,5,6,9,5,6,7,15,2,14,3,2,5,14,22,8,19,4,2,6,11,12,1,7,11,8,3,25,4,11,3,5,6,5,3,4,4,5,9,4,5,2,7,3,8,12,2,12,7,11,9,15,5,16,3,11,6,10,8,2,9,12,9,1.98768604,3.966003746
"1716","4320",772,150,188,224,210,56.21761658,43.78238342,56,34,43,67,8,69,63,55,75,34,18,50,33,50,32,24,14,11,5,4,8,16,6,20,14,19,3,15,3,13,10,15,27,17,26,15,1,10,15,11,3,3,23,11,2,38,3,26,2,4,12,7,6,11,11,9,9,3,4,9,5,2,7,29,6,15,4,14,15,21,10,29,9,19,7,15,11,1,13,22,14,1.984394124,3.956964505
"1717","3566",947,220,218,272,237,53.74868004,46.25131996,72,63,49,64,17,70,72,57,93,44,28,41,46,73,44,44,21,18,11,8,10,9,8,20,8,12,1,26,7,13,25,26,27,14,22,18,5,15,20,17,3,9,25,8,4,32,5,29,5,9,16,12,10,9,14,15,13,5,8,12,21,4,14,28,18,22,6,11,9,26,13,30,7,22,22,19,14,2,20,23,21,1.994099852,3.983674723
"1718","1015",1069,288,362,188,231,39.19550982,60.80449018,41,53,56,34,9,79,84,48,83,92,63,73,58,58,85,63,18,19,19,11,42,21,20,22,30,21,10,19,21,27,22,19,20,24,26,30,4,18,11,14,4,11,20,18,0,25,1,22,1,34,15,21,14,12,14,21,9,18,11,22,21,4,15,11,16,16,10,13,12,12,13,9,10,12,20,10,17,1,9,4,18,1.957369483,3.883532347
"1719","4313",1249,295,335,265,354,49.55964772,50.44035228,79,63,55,54,16,118,99,88,88,77,52,87,67,94,54,64,15,13,17,14,29,26,10,21,30,31,11,25,17,26,17,25,29,34,42,15,4,31,31,27,3,15,28,21,5,37,10,35,4,16,23,20,18,11,19,17,23,12,14,14,28,2,23,20,14,25,9,12,14,30,11,27,8,22,22,14,19,2,20,12,15,1.991060157,3.975290129
"1720","1158",336,65,73,74,124,58.92857143,41.07142857,25,15,12,16,7,35,29,39,20,12,5,31,15,24,10,12,3,1,3,1,3,9,1,3,7,16,0,5,1,3,3,5,11,5,13,2,0,16,13,9,4,1,21,6,2,11,2,11,1,2,3,5,7,2,10,4,8,3,1,4,6,1,2,3,4,9,2,2,5,10,1,7,0,4,2,6,3,2,9,5,3,1.948475184,3.859663796
"1721","10735",901,322,314,145,120,29.41176471,70.58823529,24,49,50,19,4,47,46,19,62,86,89,38,35,57,91,93,18,16,35,9,34,16,27,23,15,9,15,14,33,9,18,14,9,18,7,11,2,6,4,2,1,10,11,17,1,13,0,16,0,35,8,34,20,12,6,15,6,23,9,39,22,2,25,9,13,13,16,5,5,3,3,3,19,7,23,10,11,1,7,3,18,1.872009445,3.660420637
"1722","5720",151,33,48,24,46,46.35761589,53.64238411,7,9,4,3,0,17,11,12,10,13,7,13,9,9,9,3,1,3,1,1,3,4,2,2,5,5,3,4,2,2,3,4,1,5,6,2,0,5,5,3,0,0,5,2,0,5,0,4,0,3,4,2,2,1,3,1,2,3,1,2,3,0,0,1,2,2,3,0,0,3,2,1,1,2,0,1,1,0,4,1,1,1.949224898,3.86167004
"1739","4619",109,41,35,16,17,30.27522936,69.72477064,3,7,4,2,0,8,6,3,11,8,6,5,6,3,9,13,3,4,2,0,5,3,3,3,0,1,1,3,3,1,3,3,1,3,0,1,0,1,0,2,0,1,3,3,0,3,0,0,0,2,4,4,0,3,1,1,0,1,0,8,2,0,2,1,0,1,1,1,1,1,2,0,1,1,3,1,2,0,1,0,3,1.881290691,3.684045018
"1743","5507",1485,422,499,317,247,37.97979798,62.02020202,48,94,101,63,9,102,85,41,143,124,94,88,60,91,122,111,38,38,32,18,43,32,28,44,27,22,15,21,27,32,49,21,34,40,21,30,6,18,9,14,0,18,16,25,1,24,3,15,2,33,25,37,22,26,10,19,15,24,18,31,31,4,40,23,30,24,26,23,15,8,11,12,24,16,39,24,29,0,17,11,38,1.950537355,3.865184698
"1744","5054",1824,486,482,430,426,46.92982456,53.07017544,78,129,90,104,32,128,125,108,141,102,86,105,102,124,114,101,29,33,26,14,44,35,24,34,30,31,16,29,23,30,34,29,39,42,41,23,7,33,30,31,8,14,44,24,2,36,10,44,13,29,33,42,18,20,30,18,17,29,14,40,46,10,29,37,16,16,19,25,19,33,34,22,13,22,39,42,39,7,34,28,29,1.997264597,3.992423039
"1751","3857",352,74,94,78,106,52.27272727,47.72727273,26,23,7,17,5,45,21,26,33,19,10,27,18,18,17,15,5,9,3,2,5,11,3,3,10,10,2,9,1,4,8,9,12,15,15,4,1,9,9,2,1,3,6,7,3,16,2,7,0,2,8,3,0,5,4,4,8,5,2,4,7,1,5,3,2,10,7,3,0,9,9,8,1,6,3,4,4,1,4,5,5,1.984852521,3.958221977
"1756","1828",1683,546,551,304,282,34.818776,65.181224,62,85,92,56,10,113,102,50,117,137,145,94,69,113,150,148,34,33,51,40,51,36,33,33,38,19,15,22,47,31,30,22,25,34,24,30,3,23,7,19,2,31,24,33,5,24,1,19,0,53,28,60,33,18,17,24,27,40,40,55,24,3,34,27,28,23,21,19,13,13,10,11,22,26,34,21,26,0,18,8,34,1.932075295,3.816037357
"1761","3854",539,112,166,102,159,48.42300557,51.57699443,33,26,30,11,4,66,40,37,46,32,22,59,18,39,31,19,9,14,5,4,6,22,7,10,12,18,5,18,7,14,10,18,4,13,20,10,1,20,12,6,1,4,10,5,1,23,3,19,1,7,7,8,15,8,5,4,10,7,4,3,8,0,6,6,9,12,5,4,13,10,3,4,4,10,8,3,4,1,9,2,9,1.968360254,3.91323094
"1762","1830",2442,759,741,483,459,38.57493857,61.42506143,125,120,127,87,33,156,159,91,173,180,193,128,94,166,211,198,46,41,75,34,62,37,52,50,42,33,26,44,58,50,47,44,33,49,43,50,6,28,19,26,10,33,32,43,7,44,11,39,10,68,26,74,38,33,27,31,48,61,34,80,37,6,57,41,30,48,29,28,23,25,10,23,38,42,44,33,34,9,34,23,46,1.961757174,3.895361373
"1771","3315",122,22,37,21,42,51.63934426,48.36065574,10,2,6,2,3,12,8,14,12,9,4,7,6,4,5,4,1,1,1,1,3,4,1,4,4,1,1,4,2,2,1,4,1,3,5,1,0,2,4,4,2,0,4,3,0,7,3,0,1,1,1,1,1,1,4,1,3,2,1,3,0,0,2,0,3,2,2,0,0,7,0,1,0,1,0,1,2,0,0,0,1,1.934235143,3.821754597
"1772","6615",830,177,206,208,239,53.85542169,46.14457831,48,45,40,56,11,68,63,67,68,38,32,48,45,54,40,29,10,13,8,2,18,16,13,17,15,19,6,12,9,11,9,12,24,8,24,9,2,19,27,18,0,6,25,9,5,34,4,25,4,15,14,8,7,5,11,6,16,9,2,7,9,2,12,22,10,14,7,12,8,22,13,20,7,9,10,18,14,3,15,16,10,1.991926659,3.977678461
"1785","1031",363,100,136,52,75,34.9862259,65.0137741,14,12,16,6,2,35,21,12,28,40,25,24,20,13,26,33,6,9,14,1,17,13,6,9,9,6,3,7,12,5,11,7,3,17,7,5,2,4,4,3,0,4,3,8,0,9,0,5,0,7,8,12,4,6,2,10,4,6,1,8,2,2,5,2,8,7,2,1,4,2,3,3,2,5,5,1,2,0,2,2,6,1.91466642,3.770266281
"1787","909",579,136,201,100,142,41.79620035,58.20379965,22,28,27,16,5,54,41,34,47,54,28,50,28,24,44,31,14,14,10,4,19,15,9,13,16,18,4,10,14,13,14,10,9,17,21,10,4,18,8,7,1,4,9,12,0,13,2,10,0,16,10,14,4,8,6,8,8,4,4,6,6,1,6,5,11,6,10,5,6,8,7,3,4,8,7,6,6,0,3,7,14,1.955647437,3.878899608
"1790","7077",2690,612,754,630,694,49.21933086,50.78066914,165,136,150,139,53,213,190,175,222,176,116,174,117,175,149,124,38,51,37,25,61,53,38,47,58,71,11,57,36,32,60,57,60,65,74,45,17,48,58,40,12,20,58,38,5,78,17,63,19,39,29,33,31,36,34,28,51,30,25,42,37,11,52,54,50,54,28,48,30,44,34,44,24,57,38,41,43,10,34,38,38,1.995028682,3.986240302
"1795","1475",405,128,129,55,93,36.54320988,63.45679012,15,14,15,10,1,32,33,20,23,33,33,31,19,20,41,32,4,6,11,4,8,8,11,6,14,7,7,4,10,14,6,4,7,10,9,10,1,7,6,4,0,6,10,14,0,9,0,5,0,17,7,13,8,8,10,7,5,10,4,15,4,0,9,3,3,7,7,0,2,2,1,6,5,6,4,4,4,0,2,0,4,1.92951916,3.809282175
"1796","3858",359,123,109,61,66,35.37604457,64.62395543,5,25,19,12,3,27,26,8,23,28,20,25,25,23,23,35,8,6,6,2,12,15,6,7,13,2,6,3,8,8,5,3,7,12,2,5,0,3,2,4,1,6,5,11,1,5,1,5,1,8,10,9,5,4,5,10,0,3,2,15,14,1,11,4,6,0,3,7,5,1,4,1,3,3,13,4,5,1,5,0,8,1.935287485,3.824543309
"1803","49860",351,77,108,71,95,47.29344729,52.70655271,18,20,13,15,2,40,26,20,26,23,14,34,15,24,21,16,5,4,4,1,10,14,5,5,9,9,4,9,5,9,7,9,7,14,10,8,0,9,7,2,0,5,6,6,1,10,1,10,1,5,7,7,4,9,5,2,7,2,1,1,7,0,6,5,2,6,1,4,5,3,7,2,2,8,5,7,4,1,6,3,5,1.980003169,3.944939482
"1813","7078",3666,942,1088,811,825,44.62629569,55.37370431,160,228,201,171,30,282,255,193,305,262,176,235,175,253,233,209,71,71,47,45,99,80,52,85,84,79,29,55,54,54,83,55,83,87,93,65,9,63,61,54,10,37,76,60,4,88,10,70,7,80,48,73,53,35,48,46,47,43,45,65,78,1,65,69,54,53,40,43,46,52,38,47,38,50,77,69,57,5,64,45,71,1.989560323,3.971159544
"1874","2248",81,9,19,23,30,65.43209877,34.56790123,9,5,2,6,3,13,4,8,9,3,0,7,4,4,1,0,0,3,0,0,0,4,0,0,0,3,0,0,0,0,3,0,6,3,5,1,1,5,0,1,1,0,2,0,1,4,1,2,0,0,2,0,0,1,1,0,3,0,0,0,1,0,0,0,0,1,0,1,0,4,3,5,0,1,0,0,2,2,2,1,0,1.889373575,3.704743282
"1890","1869",1049,188,264,331,266,56.91134414,43.08865586,69,65,75,85,15,89,61,71,120,40,28,54,41,74,39,29,18,28,7,3,20,25,9,27,11,21,9,23,10,5,14,23,32,16,30,10,6,23,28,14,4,7,26,6,1,41,4,30,4,10,12,9,8,4,14,6,21,7,3,5,11,4,14,33,9,21,11,24,14,25,11,21,4,18,16,24,36,4,25,32,18,1.972467779,3.924388253
"1949","728358;1668;1667",121,38,38,19,26,37.19008264,62.80991736,8,6,2,1,0,14,7,5,9,10,6,9,4,7,8,11,2,2,1,0,4,2,1,2,3,3,4,5,2,4,5,5,0,5,5,1,0,5,0,0,0,2,0,4,0,2,0,2,0,4,1,6,0,1,1,0,2,1,0,5,3,0,2,1,1,6,0,0,0,1,0,0,1,1,3,1,0,0,2,1,2,1.945602523,3.851986168
"1951","7275",349,67,78,110,94,58.45272206,41.54727794,31,23,19,26,7,32,20,27,32,13,13,16,12,33,10,10,3,5,1,6,4,5,2,5,5,6,3,9,1,3,7,9,12,10,16,2,2,8,8,4,2,2,9,4,1,12,2,9,2,1,4,2,6,2,3,3,11,3,6,0,8,1,5,9,2,7,3,5,1,18,1,9,6,4,5,9,8,2,12,10,3,1.974962111,3.931179148
"1955","5966",9075,2889,2839,1572,1775,36.8815427,63.1184573,312,468,423,298,55,634,646,353,602,707,727,518,504,546,790,731,191,162,246,130,250,173,190,169,180,129,141,108,242,188,168,108,156,217,174,192,18,131,86,122,17,132,154,168,13,150,12,150,7,250,173,280,139,128,128,146,117,201,130,281,164,19,173,120,123,98,108,90,75,83,81,70,132,120,186,123,88,11,90,70,191,1.948744243,3.860383679
"1958","4312",492,153,156,96,87,37.19512195,62.80487805,13,33,32,16,2,29,40,13,35,35,33,28,30,41,36,35,9,9,8,6,19,10,12,12,9,6,7,5,9,12,9,5,9,9,7,8,1,6,3,8,0,6,5,12,0,8,1,12,1,9,9,9,14,4,4,9,5,11,6,10,14,1,13,6,10,3,7,5,9,3,5,3,4,7,11,8,8,0,9,2,9,1.951466598,3.867675074
"1967","3198",1447,410,464,273,300,39.5991707,60.4008293,54,79,69,53,11,109,95,67,97,118,102,99,62,93,120,96,31,24,33,12,47,32,34,28,42,34,18,16,37,27,25,16,27,44,37,21,3,22,18,13,1,18,23,25,2,23,2,35,5,36,16,36,20,21,14,23,22,27,12,35,30,2,27,17,24,21,24,16,12,14,7,15,15,15,29,19,17,4,19,18,31,1.966258792,3.907534992
"1982","7275",4493,1079,1248,1126,1040,48.20832406,51.79167594,267,273,253,262,44,393,313,225,374,271,206,293,190,375,227,225,74,76,49,80,96,106,43,77,89,82,32,83,56,77,88,83,127,100,115,60,14,91,60,60,11,57,83,67,7,131,13,119,12,66,65,62,76,46,48,53,90,40,80,57,93,9,93,107,67,90,60,75,53,81,38,83,52,85,93,88,75,11,77,70,74,1.996552933,3.990454109
"1988","2810",498,71,113,146,168,63.05220884,36.94779116,40,29,38,29,17,49,24,53,60,15,7,30,21,29,10,8,5,8,2,3,1,10,1,17,7,16,1,14,0,2,8,14,13,8,19,3,2,15,20,10,10,4,13,3,3,20,10,8,0,2,7,2,6,2,12,2,4,1,3,3,7,0,4,12,5,13,4,4,4,14,8,10,2,7,3,11,18,4,12,10,5,1.934026067,3.821200787
"1999","6273",96,19,38,20,19,40.625,59.375,4,7,5,3,0,10,4,4,12,12,2,6,4,4,6,3,2,4,1,0,4,3,1,4,2,1,0,2,0,1,7,2,2,5,2,1,0,2,1,0,0,0,2,1,0,3,0,2,0,1,4,1,1,1,0,2,1,1,0,1,1,0,0,1,3,0,3,0,1,3,2,1,1,1,1,2,0,0,1,1,2,1.925784866,3.79943492
"2003","10735",305,107,105,58,35,30.49180328,69.50819672,10,19,19,9,3,13,16,3,23,31,25,10,12,22,25,30,6,8,10,3,13,5,6,5,5,0,6,6,10,3,6,6,4,5,1,4,1,1,0,1,1,3,2,6,1,4,0,5,0,11,0,9,11,3,2,3,1,5,3,14,6,1,11,4,5,6,6,2,1,1,2,2,6,2,8,4,6,1,3,1,6,1.873581661,3.664411854
"2008","6273",99,21,39,20,19,39.39393939,60.60606061,4,7,5,3,0,10,4,4,12,12,3,6,4,4,7,4,2,4,2,0,4,3,1,4,2,1,0,2,0,1,7,2,2,5,2,1,0,2,1,0,0,0,2,1,0,3,0,2,0,1,4,2,1,1,0,2,1,1,0,1,1,0,0,1,3,0,3,0,1,3,2,1,1,1,1,2,0,0,1,1,2,1.927149175,3.803029619
"2016","5966",449,147,119,99,84,40.75723831,59.24276169,22,30,16,24,6,30,30,15,32,23,40,13,30,31,39,35,3,9,11,4,11,3,10,9,2,2,12,3,4,6,13,3,10,8,6,6,2,3,2,5,1,7,7,8,2,12,1,10,1,9,14,15,0,4,7,7,10,18,4,9,10,1,7,11,2,5,5,5,4,5,5,8,6,9,10,9,4,3,10,6,3,1.968486741,3.913574044
"2032","3397",421,99,112,112,98,49.88123515,50.11876485,26,27,20,28,17,29,24,22,31,27,19,22,22,25,23,20,3,7,5,4,12,8,5,8,5,6,4,6,9,4,7,6,9,4,6,3,3,8,4,7,5,3,9,6,3,13,4,7,5,11,7,8,2,5,6,4,4,4,4,7,8,3,3,10,6,7,6,6,3,7,6,10,3,5,5,8,7,7,9,9,3,1.997022331,3.991752663
"2042","10735",20,3,0,0,1,5,15,0,0,0,0,0,0,0,0,0,0,0,0,0,0,0,0,0,0,0,0,0,0,0,0,0,0,0,0,0,0,0,0,0,0,0,0,0,0,0,0,0,0,0,0,0,0,0,0,0,0,0,0,0,0,0,0,0,0,0,0,0,0,0,0,0,0,0,0,0,0,0,0,0,0,0,0,0,0,0,0,0,3.38418372,10.4409691
"2043","10537",268,87,86,56,39,35.44776119,64.55223881,6,20,12,12,1,15,14,5,20,22,22,12,12,17,27,23,10,10,10,4,8,7,4,3,6,1,3,1,9,3,4,1,6,5,1,3,0,3,3,3,0,4,3,7,1,3,0,1,0,12,5,10,5,2,1,4,3,3,4,6,6,1,6,3,2,1,9,4,1,2,2,2,6,3,3,3,3,0,6,6,10,1.929755552,3.809906392
"2044","4893",3625,1077,1259,653,636,35.55862069,64.44137931,125,199,205,106,17,271,207,118,283,338,289,208,161,229,304,273,70,83,98,47,123,88,83,93,89,43,53,52,98,69,91,52,53,89,54,54,11,46,22,36,1,57,51,57,1,78,6,58,4,114,67,121,66,37,38,50,44,77,47,101,66,8,66,44,75,56,39,33,35,30,20,28,51,38,82,40,42,1,55,18,70,1.936089156,3.826669107
"2054","3397",678,137,169,194,178,54.86725664,45.13274336,52,39,33,50,43,49,35,40,46,40,24,44,31,35,32,27,5,8,6,4,14,12,7,9,13,15,6,14,10,7,10,14,13,12,14,8,11,12,8,10,12,5,13,7,5,19,9,9,14,12,8,8,2,10,10,6,7,5,4,9,9,6,7,15,9,14,7,9,8,11,8,18,4,8,9,15,11,19,13,16,5,1.988854351,3.969216761
"2055","22919",1677,433,566,355,323,40.4293381,59.5706619,73,89,108,70,15,125,100,65,152,156,98,95,71,103,113,107,29,28,40,15,62,35,25,43,41,21,17,38,37,29,52,38,36,43,32,26,7,24,18,19,0,18,26,19,3,38,4,35,5,49,26,43,32,16,21,18,20,18,15,34,24,2,27,23,38,26,18,19,12,20,16,15,24,22,29,30,29,5,24,15,29,1.965117777,3.904445776
"2059","5111",330,110,127,44,49,28.18181818,71.81818182,7,15,19,2,0,28,14,6,20,34,32,23,13,20,28,34,3,6,15,4,14,14,7,9,8,1,6,4,8,4,10,4,1,8,3,4,0,6,0,1,0,8,3,6,0,6,0,3,0,12,6,13,8,2,4,5,2,10,4,14,9,0,12,1,6,2,4,2,7,1,1,0,5,4,9,0,1,0,1,1,3,1.854660707,3.616666843
"2060","5744",757,218,259,111,169,36.98811096,63.01188904,28,28,31,19,8,61,58,33,39,70,58,57,41,40,63,52,11,6,23,10,29,24,15,14,26,8,10,7,23,22,11,7,10,23,15,17,4,16,9,12,1,9,11,13,2,11,3,12,1,27,11,26,5,9,12,12,14,14,10,20,12,2,10,7,11,9,5,6,4,9,3,6,10,8,12,6,5,2,7,5,11,1.935686722,3.825601822
"2068","3020",520,165,195,87,73,30.76923077,69.23076923,13,19,36,16,5,24,32,11,39,55,43,29,20,23,51,47,13,7,19,5,21,10,12,15,19,8,6,7,14,10,10,7,9,6,5,14,2,2,0,2,0,7,6,9,1,9,0,7,2,22,6,18,12,4,2,9,4,11,5,20,4,2,8,3,15,2,6,6,4,1,3,2,10,7,7,6,6,3,3,3,13,1.885318095,3.694343706
"2071","3303",264,63,114,43,44,32.95454545,67.04545455,9,10,16,6,2,21,14,7,21,38,16,16,12,12,16,17,3,4,6,1,20,6,3,6,12,4,6,6,7,6,10,6,3,11,3,4,0,2,0,1,0,3,3,6,1,5,1,3,1,9,9,7,6,1,0,3,1,3,1,5,3,1,6,1,9,3,2,3,1,3,2,2,3,3,4,1,3,0,2,1,3,1.873702936,3.664719901
"2077","10735",2059,689,762,321,287,29.52889752,70.47110248,56,93,119,43,8,116,117,41,142,216,210,100,85,118,216,183,44,36,75,22,84,41,69,57,38,18,33,28,81,33,51,28,19,47,16,34,4,15,5,8,2,29,24,37,2,24,0,37,0,80,26,74,40,29,15,35,17,57,22,75,39,2,42,21,43,28,28,16,17,7,8,9,36,18,40,15,21,3,16,9,44,1.873502049,3.664209646
"2090","2706",1431,438,448,293,252,38.08525507,61.91474493,52,88,86,57,11,88,90,52,112,111,109,69,67,103,116,109,34,32,43,21,45,21,27,41,27,17,15,14,32,21,37,14,24,25,22,26,3,19,10,14,5,19,23,23,1,25,1,27,2,41,20,39,20,8,14,22,21,31,21,40,34,2,33,26,30,22,23,21,15,15,16,12,25,15,27,19,16,0,20,10,34,1.957028756,3.882615267
"2092","3020",522,166,196,87,73,30.651341,69.348659,13,19,36,16,5,25,32,11,39,55,44,29,20,23,51,47,13,7,19,5,21,10,12,15,19,8,6,7,14,10,10,7,9,6,5,14,2,2,0,2,0,8,6,9,1,9,0,7,2,22,7,18,12,4,2,9,4,11,5,20,4,2,8,3,15,2,6,6,4,1,3,2,10,7,7,6,6,3,3,3,13,1.883973138,3.690901249
"2098","6280",189,41,31,54,63,61.9047619,38.0952381,16,3,10,20,4,13,22,20,12,3,5,11,13,12,5,7,2,0,2,1,0,3,1,4,1,2,1,1,1,4,1,1,7,2,4,1,0,3,3,9,0,3,14,5,0,5,1,7,4,0,2,2,5,2,4,2,1,1,1,3,1,3,3,5,1,3,1,1,5,13,1,14,0,0,0,1,4,0,1,5,2,1.950748889,3.86575147
"2102","5744",475,158,188,67,62,27.15789474,72.84210526,12,20,26,8,0,21,28,11,45,49,52,21,16,14,71,41,14,11,21,3,20,9,23,18,5,6,4,10,13,5,18,10,5,4,3,14,0,3,1,4,0,7,7,6,0,7,0,4,0,30,4,27,5,7,2,5,1,17,3,14,4,0,6,3,2,4,6,3,6,2,3,1,12,6,10,4,6,0,1,0,14,1.839471684,3.578789487
"2104","3566",948,221,218,272,237,53.69198312,46.30801688,72,63,49,64,17,70,72,57,93,44,28,41,46,73,44,44,21,18,11,8,11,9,8,20,8,12,1,26,7,13,25,26,27,14,22,18,5,15,20,17,3,9,25,8,4,32,5,29,5,9,16,12,10,9,14,15,13,5,8,12,21,4,14,28,18,22,6,11,9,26,13,30,7,22,22,19,14,2,20,23,21,1.994215094,3.983992948
"2110","6278",62,19,8,10,25,56.4516129,43.5483871,2,3,1,2,0,3,8,10,2,1,1,4,4,5,3,5,2,0,1,0,0,2,0,1,1,2,0,0,0,0,0,0,1,1,1,0,0,2,4,2,0,0,7,2,0,0,0,4,0,0,0,3,0,0,3,1,1,1,0,1,1,0,0,1,0,0,0,0,1,2,1,1,0,0,1,1,0,0,1,1,2,1.856997787,3.622530375
"2123","56998",2442,504,597,661,680,54.91400491,45.08599509,171,138,132,173,42,214,173,185,221,116,68,145,112,178,89,88,26,41,18,16,42,46,19,39,31,46,13,55,24,37,45,55,77,44,81,30,12,52,63,47,7,19,62,25,8,94,15,66,14,29,22,18,30,21,51,26,46,12,16,36,35,4,37,66,27,60,20,42,36,61,21,62,12,39,38,53,48,11,55,44,26,1.990618492,3.974073326
"2131","3198",1518,408,430,307,373,44.79578393,55.20421607,66,94,71,59,31,122,105,87,93,103,85,113,78,107,98,93,24,23,23,12,36,38,24,25,42,38,22,19,30,27,21,19,24,43,39,18,3,28,28,18,10,19,33,27,7,29,8,40,10,27,19,30,23,24,23,27,22,19,12,30,36,9,27,22,23,20,22,18,16,19,10,14,13,18,34,24,18,8,27,17,24,1.988847741,3.969198576
"2140","6273",218,46,64,55,53,49.5412844,50.4587156,13,18,10,10,1,21,16,12,25,16,3,13,12,15,11,7,7,8,1,0,5,4,2,6,6,4,0,5,0,4,6,5,6,8,5,3,0,3,3,2,0,0,6,2,1,9,1,9,0,1,8,2,3,2,3,3,4,1,0,1,4,0,2,4,3,3,4,1,2,5,7,4,2,5,4,5,3,0,3,3,7,1.990026443,3.97244279
"2142","6273",331,84,107,72,68,42.29607251,57.70392749,18,22,11,17,2,33,16,14,31,28,13,24,9,18,24,21,5,8,6,2,10,8,5,6,5,7,0,7,4,6,12,7,10,8,7,2,0,10,3,1,0,1,6,7,1,12,1,6,1,8,6,9,3,4,2,4,4,7,2,10,5,0,3,6,5,10,8,2,3,5,4,7,1,3,4,8,2,0,6,4,5,1.976507031,3.935391135
"2154","3713",331,81,84,82,84,50.1510574,49.8489426,10,25,21,17,5,27,21,23,25,13,17,26,16,26,21,16,4,10,3,2,2,8,5,7,2,10,7,1,5,5,6,1,6,7,7,4,2,9,8,3,2,5,10,6,0,5,3,8,1,5,8,9,6,7,4,3,4,5,2,1,6,0,4,8,1,3,3,5,8,5,3,3,2,2,7,7,9,0,10,8,4,1.999822024,3.999506577
"2156","6700",404,100,114,82,108,47.02970297,52.97029703,22,25,17,14,3,41,36,23,30,22,15,39,18,32,26,17,5,7,3,1,7,15,6,8,14,9,4,6,2,12,5,6,6,12,10,8,1,9,5,10,0,3,13,5,1,16,0,13,1,5,5,5,4,8,8,1,13,7,1,6,7,1,10,7,4,10,6,2,7,6,3,3,2,6,8,9,4,0,8,3,5,1.989443673,3.970838465
"2159","1634",799,278,284,108,129,29.6620776,70.3379224,25,33,37,11,0,55,48,20,53,74,81,44,34,41,87,79,20,16,35,6,28,18,24,21,19,6,15,8,25,20,18,8,8,14,11,20,0,8,6,5,0,19,7,16,0,13,0,7,0,35,14,36,11,9,5,10,15,22,6,34,10,0,18,3,12,12,6,4,7,7,4,2,14,6,13,5,2,0,10,1,20,1.875380897,3.668984721
"2162","1031",288,77,108,40,63,35.76388889,64.23611111,13,9,11,5,2,30,16,10,21,31,22,21,14,10,23,24,4,7,11,1,12,12,6,6,8,5,3,6,10,4,7,6,2,14,6,5,2,4,3,1,0,3,2,6,0,8,0,4,0,6,6,10,3,6,1,7,4,6,1,5,1,2,3,2,5,6,1,0,2,2,2,3,2,5,4,1,2,0,2,2,4,1.914660512,3.770250843
"2165","56998",268,58,62,66,82,55.2238806,44.7761194,20,15,9,17,2,23,19,25,26,16,7,8,15,16,9,12,2,4,3,0,5,2,2,3,1,3,2,7,4,3,7,7,11,7,10,1,1,4,12,6,0,2,7,5,0,10,1,7,1,3,3,2,3,3,8,4,4,1,0,4,4,0,5,4,2,7,4,1,0,7,3,9,0,5,4,6,6,1,4,5,2,1.987087902,3.964359791
"2167","4318",193,37,58,54,44,50.77720207,49.22279793,8,11,12,18,2,19,7,12,18,14,6,12,8,10,6,8,1,0,4,0,7,6,1,5,5,3,1,3,0,1,6,3,10,5,5,1,1,4,4,2,0,2,4,2,0,7,2,2,1,2,3,2,4,1,4,4,1,2,0,4,0,0,2,5,5,3,2,2,1,4,1,4,2,1,2,11,4,0,6,5,1,1.978510982,3.940861322
"2169","3725",1287,368,367,322,230,42.89044289,57.10955711,59,95,73,70,32,81,62,44,98,91,88,56,60,97,88,87,19,20,27,13,33,19,26,32,21,15,17,21,26,15,35,21,24,25,20,13,6,14,9,7,5,14,14,22,9,27,5,20,10,31,23,27,22,11,10,19,15,24,13,31,31,7,30,24,26,17,18,12,9,14,17,16,21,13,27,30,16,13,28,22,19,1.976730875,3.936001785
"2177","2706",1429,436,448,293,252,38.13855843,61.86144157,52,88,86,57,11,88,90,52,112,111,108,69,67,103,115,109,34,32,44,21,45,21,27,41,27,17,15,14,32,21,37,14,24,25,22,26,3,19,10,14,5,19,23,23,1,25,1,27,2,41,20,38,20,8,14,22,21,30,21,40,34,2,33,26,30,22,23,21,15,15,16,12,25,15,27,19,16,0,20,10,34,1.957374057,3.883544661
"2187","8839",353,76,86,94,97,54.10764873,45.89235127,26,21,15,24,6,37,25,23,30,13,14,23,18,27,15,13,5,3,3,4,5,9,4,4,7,11,2,10,1,2,3,10,12,5,15,2,1,6,6,7,1,7,4,6,3,18,2,7,1,4,5,3,3,3,1,2,6,3,4,2,5,2,7,10,2,7,5,7,6,9,4,9,3,8,3,7,4,2,9,6,5,1.993767553,3.982757258
"2188","3020",44,22,10,5,7,27.27272727,72.72727273,0,3,0,1,0,2,4,1,2,2,1,4,2,0,5,2,2,1,0,0,1,1,1,0,2,1,0,0,0,2,0,0,1,0,0,2,0,1,0,1,0,1,1,1,0,0,0,0,0,2,1,1,0,1,0,1,0,0,0,1,0,0,0,0,0,0,1,0,0,0,0,0,0,0,2,1,0,0,0,1,2,1.764252039,3.396978387
"2194","3400",1489,466,527,277,219,33.31094694,66.68905306,50,98,82,38,18,92,78,29,110,146,121,78,60,101,136,115,32,30,40,20,60,34,34,45,33,10,24,17,43,24,34,17,13,39,9,29,4,14,2,9,4,18,14,22,4,21,6,18,5,44,22,44,23,19,9,18,19,39,20,46,35,6,33,18,27,21,26,5,12,10,9,8,19,17,33,23,19,2,27,8,32,1.912962114,3.765814963
"2205","56998",59,12,13,18,16,57.62711864,42.37288136,5,5,3,4,0,6,3,3,9,2,0,2,2,4,2,3,1,1,0,0,0,1,0,2,0,0,0,2,0,0,2,2,3,1,2,0,0,1,2,1,0,0,1,2,0,4,0,0,0,0,0,0,0,1,1,1,1,0,0,1,1,0,2,1,1,2,2,0,0,2,0,2,0,1,1,2,1,0,2,1,1,1.981220738,3.948270238
"2222","10537",365,111,125,72,57,35.34246575,64.65753425,9,25,17,14,1,24,18,9,27,34,30,19,15,23,35,29,12,12,12,5,13,10,8,5,8,4,4,2,14,3,8,2,8,10,5,4,0,5,3,3,0,5,4,9,1,4,0,2,0,15,6,12,7,4,2,5,4,4,5,7,7,1,8,4,5,2,10,5,2,2,3,3,7,5,4,4,3,0,7,7,12,1.931992304,3.815817847
"2226","5720",320,82,81,70,87,49.0625,50.9375,17,26,8,14,1,35,22,20,23,17,13,23,19,26,16,14,4,10,1,3,3,8,4,4,7,8,4,4,3,5,4,4,4,7,11,3,0,11,8,6,0,3,7,6,1,12,0,7,0,4,8,4,2,3,4,3,7,4,3,6,10,0,7,6,3,7,4,1,0,7,6,6,2,3,7,4,3,0,8,5,4,1.995574939,3.987749922
"2229","3020",1370,435,443,287,205,35.91240876,64.08759124,45,83,81,62,10,82,78,33,100,122,122,62,63,99,121,108,20,23,45,27,34,20,27,29,27,15,21,21,46,22,38,21,26,29,14,29,7,8,2,11,0,23,18,18,2,22,1,20,1,58,27,39,22,15,11,20,14,27,27,42,32,5,33,28,25,19,24,22,11,7,11,10,25,18,29,23,19,1,18,11,20,1.934685718,3.822948375
"2272","10735",453,158,113,109,73,40.17660044,59.82339956,13,43,25,24,6,19,32,15,37,25,22,22,22,38,37,42,16,12,6,5,6,4,7,8,7,6,4,3,8,9,7,3,14,8,6,7,0,3,1,5,0,2,7,9,5,6,2,11,1,6,6,13,11,6,8,7,4,8,5,16,14,1,12,9,8,3,10,6,6,1,6,6,3,9,17,12,8,0,10,3,16,1.948605948,3.860013647
"2288","4320",170,33,33,62,42,61.17647059,38.82352941,15,14,12,17,8,9,13,10,18,4,4,5,10,14,6,1,5,3,1,1,1,0,1,3,2,3,1,5,1,1,1,5,6,2,5,1,2,1,2,5,1,2,3,0,3,4,2,6,2,0,3,0,1,1,2,0,3,0,1,1,2,3,1,8,2,1,4,5,1,5,4,6,1,7,0,6,7,2,6,4,5,1.947229084,3.856331525
"2300","1015",368,85,126,70,87,42.66304348,57.33695652,20,13,19,14,6,30,26,20,27,31,23,26,16,20,27,18,3,7,8,3,17,8,8,5,8,9,3,7,7,7,9,7,7,7,10,7,2,9,5,5,3,6,9,5,0,8,1,9,1,13,3,7,6,4,5,6,6,6,3,3,2,3,4,5,4,9,3,6,5,6,2,4,3,5,4,3,6,0,4,3,3,1.965079904,3.904343279
"2305","4320",984,181,239,286,278,57.31707317,42.68292683,75,50,53,81,18,96,69,74,99,41,21,64,44,61,36,29,17,19,5,4,11,22,7,22,19,25,5,23,3,13,12,23,33,23,35,15,4,15,20,13,7,6,26,12,4,51,8,29,3,4,18,7,8,12,13,10,10,3,4,9,7,3,11,35,7,21,7,17,18,31,15,35,9,20,11,19,17,2,16,25,17,1.978522541,3.940892895
"2313","1634",20,3,0,0,1,5,15,0,0,0,0,0,0,0,0,0,0,0,0,0,0,0,0,0,0,0,0,0,0,0,0,0,0,0,0,0,0,0,0,0,0,0,0,0,0,0,0,0,0,0,0,0,0,0,0,0,0,0,0,0,0,0,0,0,0,0,0,0,0,0,0,0,0,0,0,0,0,0,0,0,0,0,0,0,0,0,0,0,3.38418372,10.4409691
"2314","4320",20,3,0,0,1,5,15,0,0,0,0,0,0,0,0,0,0,0,0,0,0,0,0,0,0,0,0,0,0,0,0,0,0,0,0,0,0,0,0,0,0,0,0,0,0,0,0,0,0,0,0,0,0,0,0,0,0,0,0,0,0,0,0,0,0,0,0,0,0,0,0,0,0,0,0,0,0,0,0,0,0,0,0,0,0,0,0,0,3.38418372,10.4409691
"2331","4313",317,64,69,69,115,58.04416404,41.95583596,26,17,6,16,7,36,23,34,19,12,12,22,18,22,11,11,1,2,4,2,4,3,1,1,8,12,5,8,1,6,2,8,8,7,17,1,1,11,14,7,2,5,10,4,1,12,4,9,3,4,7,4,1,2,6,3,6,4,2,1,8,1,4,4,0,9,5,3,0,13,2,9,2,3,3,3,4,1,6,3,1,1.954371425,3.875470376
"2372","3956",20,3,0,0,1,5,15,0,0,0,0,0,0,0,0,0,0,0,0,0,0,0,0,0,0,0,0,0,0,0,0,0,0,0,0,0,0,0,0,0,0,0,0,0,0,0,0,0,0,0,0,0,0,0,0,0,0,0,0,0,0,0,0,0,0,0,0,0,0,0,0,0,0,0,0,0,0,0,0,0,0,0,0,0,0,0,0,0,3.38418372,10.4409691
"2384","3956",381,91,69,98,123,58.00524934,41.99475066,36,22,14,21,17,30,37,31,31,11,4,21,26,24,12,23,4,7,2,0,2,3,0,6,9,4,2,9,0,10,2,9,8,8,14,5,3,5,7,4,5,2,12,17,4,15,3,11,5,1,4,4,2,5,11,11,11,2,0,4,5,6,8,6,2,9,3,2,2,14,9,11,0,10,4,6,7,3,5,4,4,1.970318188,3.918545336
"2401","7076",20,3,0,0,1,5,15,0,0,0,0,0,0,0,0,0,0,0,0,0,0,0,0,0,0,0,0,0,0,0,0,0,0,0,0,0,0,0,0,0,0,0,0,0,0,0,0,0,0,0,0,0,0,0,0,0,0,0,0,0,0,0,0,0,0,0,0,0,0,0,0,0,0,0,0,0,0,0,0,0,0,0,0,0,0,0,0,0,3.38418372,10.4409691
"2413","10537",268,87,86,55,40,35.44776119,64.55223881,7,19,12,11,1,15,15,5,20,22,22,12,12,17,27,23,10,10,10,4,8,7,4,3,6,1,3,1,9,3,4,1,6,5,1,4,0,3,3,3,0,4,3,7,1,3,0,1,0,12,5,10,5,2,1,4,3,3,4,6,6,1,6,3,2,1,8,4,1,2,2,3,6,4,3,2,3,0,6,6,10,1.931586351,3.814744282
"2422","8839",20,3,0,0,1,5,15,0,0,0,0,0,0,0,0,0,0,0,0,0,0,0,0,0,0,0,0,0,0,0,0,0,0,0,0,0,0,0,0,0,0,0,0,0,0,0,0,0,0,0,0,0,0,0,0,0,0,0,0,0,0,0,0,0,0,0,0,0,0,0,0,0,0,0,0,0,0,0,0,0,0,0,0,0,0,0,0,0,3.38418372,10.4409691
"2466","1475",598,183,211,107,97,34.11371237,65.88628763,19,31,32,21,5,41,31,16,47,57,50,36,21,30,60,48,12,12,23,9,19,14,12,15,17,7,6,8,19,13,12,8,12,10,10,12,1,9,4,6,1,8,6,9,2,13,0,4,1,31,6,21,10,5,5,5,5,11,9,22,8,3,12,7,7,10,15,6,4,4,4,5,11,5,7,9,9,0,5,4,12,1.922908844,3.791868266
"2473","4320",653,117,131,210,195,62.02143951,37.97856049,62,34,40,56,24,51,50,52,56,19,16,35,28,56,17,11,10,11,1,4,4,9,3,5,10,18,8,18,4,7,4,18,22,9,19,7,5,9,18,11,7,6,15,3,5,25,13,29,7,4,12,1,12,3,7,4,14,0,4,4,9,3,5,21,5,11,6,18,12,22,5,23,6,22,6,9,17,6,14,18,10,1.956403109,3.880931876
"2510","3861",20,3,0,0,1,5,15,0,0,0,0,0,0,0,0,0,0,0,0,0,0,0,0,0,0,0,0,0,0,0,0,0,0,0,0,0,0,0,0,0,0,0,0,0,0,0,0,0,0,0,0,0,0,0,0,0,0,0,0,0,0,0,0,0,0,0,0,0,0,0,0,0,0,0,0,0,0,0,0,0,0,0,0,0,0,0,0,0,3.38418372,10.4409691
"2533","5757;728026",840,272,214,205,149,42.14285714,57.85714286,32,78,41,44,23,40,43,34,55,57,41,31,42,74,46,75,23,23,13,6,25,11,12,16,13,8,9,5,14,7,13,5,9,16,8,7,5,6,9,8,5,9,17,15,7,8,9,13,5,13,11,11,9,4,16,12,13,6,6,27,24,6,30,27,11,9,15,10,7,10,13,8,12,10,25,23,10,3,24,8,23,1.96851533,3.913651598
"2550","7076",609,106,164,134,205,55.66502463,44.33497537,38,26,30,31,13,69,34,58,55,33,15,53,26,26,23,25,5,8,5,2,8,14,4,16,17,28,4,12,3,8,12,12,17,16,26,2,3,17,29,10,3,10,14,11,1,25,9,11,6,8,8,12,5,9,11,5,10,1,2,5,6,1,7,5,8,20,5,4,9,11,7,13,1,6,8,11,11,1,6,9,5,1.958102246,3.885505343
"2581","1828",321,94,90,62,75,42.67912773,57.32087227,15,17,13,15,3,28,28,14,20,20,18,25,19,22,22,22,5,5,7,7,5,8,2,5,7,6,1,4,6,9,5,4,6,10,5,9,1,7,2,7,1,5,8,7,1,4,0,5,0,7,9,7,4,5,4,9,5,5,7,8,5,2,2,8,1,5,3,3,4,3,2,5,2,7,4,6,6,0,7,1,5,1.981508292,3.949057274
"2595","1015",20,3,0,0,1,5,15,0,0,0,0,0,0,0,0,0,0,0,0,0,0,0,0,0,0,0,0,0,0,0,0,0,0,0,0,0,0,0,0,0,0,0,0,0,0,0,0,0,0,0,0,0,0,0,0,0,0,0,0,0,0,0,0,0,0,0,0,0,0,0,0,0,0,0,0,0,0,0,0,0,0,0,0,0,0,0,0,0,3.38418372,10.4409691
"2603","5720",20,3,0,0,1,5,15,0,0,0,0,0,0,0,0,0,0,0,0,0,0,0,0,0,0,0,0,0,0,0,0,0,0,0,0,0,0,0,0,0,0,0,0,0,0,0,0,0,0,0,0,0,0,0,0,0,0,0,0,0,0,0,0,0,0,0,0,0,0,0,0,0,0,0,0,0,0,0,0,0,0,0,0,0,0,0,0,0,3.38418372,10.4409691
"2607","3850",357,58,74,80,145,63.02521008,36.97478992,38,10,15,15,17,35,30,46,25,9,7,31,14,21,13,8,3,2,1,2,2,7,2,8,5,16,1,8,0,4,4,8,6,5,13,4,0,17,13,10,11,2,15,4,1,10,7,11,5,3,3,2,3,3,3,2,10,3,2,1,4,4,4,4,1,11,4,3,5,16,0,9,1,7,3,3,7,4,3,2,3,1.908061742,3.753045399
"2636","3956",199,45,31,56,67,61.80904523,38.19095477,19,10,9,13,12,13,22,17,14,6,0,10,18,12,2,10,0,1,0,0,1,1,0,5,5,2,0,5,0,4,1,5,3,5,9,2,2,1,3,4,3,0,6,9,3,7,2,6,4,0,1,0,1,2,9,7,5,0,0,1,2,4,3,4,1,2,0,1,2,6,6,6,0,8,1,4,4,3,3,4,0,1.9464069,3.854134449
"2660","3315",869,178,160,217,314,61.10471807,38.89528193,83,49,31,42,52,60,60,95,48,29,18,52,38,63,26,36,6,10,4,6,11,10,1,7,16,29,7,18,5,6,4,18,12,13,23,10,4,15,40,15,20,7,31,16,11,25,19,18,14,4,8,6,15,12,12,6,21,4,6,13,14,9,17,12,8,18,9,4,8,32,9,21,2,14,9,13,10,17,20,11,6,1.94853276,3.859817832
"2664","56998",609,141,186,141,141,46.30541872,53.69458128,40,35,24,34,8,55,30,32,58,53,25,26,27,33,30,34,5,12,6,4,21,12,11,6,7,6,3,18,17,5,16,18,21,18,15,3,2,8,14,7,2,3,8,9,1,25,2,11,3,15,7,7,6,6,10,11,7,4,4,16,10,1,12,9,7,20,8,9,4,9,6,13,1,8,15,11,11,3,6,8,5,1.988699467,3.96879066
"2693","8797",45,11,17,10,7,37.77777778,62.22222222,0,3,4,3,0,4,1,2,1,6,4,3,2,6,0,1,0,0,0,2,2,2,0,1,1,1,1,0,4,0,0,0,0,2,1,0,0,2,0,0,0,0,1,0,0,0,0,1,0,0,1,0,1,0,1,0,0,0,2,0,2,0,1,3,3,0,0,2,0,0,1,0,0,0,0,1,1,0,2,0,0,1.927155729,3.803046897
"2712","3566",22,8,3,5,6,50,50,1,2,0,1,0,0,4,1,1,0,0,1,2,2,2,2,1,1,0,0,0,0,0,0,0,0,0,0,0,1,0,0,0,0,0,1,0,0,0,1,0,0,1,1,0,0,0,1,0,0,0,1,0,1,0,0,1,0,0,0,0,0,1,1,0,0,0,0,0,1,1,0,0,0,1,1,0,0,0,1,1,1.919690574,3.783419041
"2740","7077",1785,398,376,517,494,56.63865546,43.36134454,134,120,92,132,48,143,129,126,156,59,41,106,80,142,67,79,26,34,9,14,12,30,7,33,21,45,10,34,11,20,22,34,52,21,56,26,4,41,45,28,15,12,43,26,10,69,13,45,18,14,15,18,20,20,25,18,34,7,14,23,33,12,30,52,19,40,16,32,23,42,20,50,11,38,31,40,37,13,49,38,26,1.986781747,3.9635186
"2745","7077",2686,609,754,629,694,49.25539836,50.74460164,165,134,150,139,53,213,190,175,222,176,116,174,117,173,149,124,38,51,37,25,61,53,38,47,58,71,11,57,36,32,60,57,60,65,74,45,17,48,58,40,12,20,58,38,5,78,17,63,19,39,29,33,31,36,34,28,51,30,25,42,36,11,51,54,50,54,28,48,30,44,34,44,24,57,38,41,43,10,33,38,38,1.994831529,3.985695594
"2749","4313",20,3,0,0,1,5,15,0,0,0,0,0,0,0,0,0,0,0,0,0,0,0,0,0,0,0,0,0,0,0,0,0,0,0,0,0,0,0,0,0,0,0,0,0,0,0,0,0,0,0,0,0,0,0,0,0,0,0,0,0,0,0,0,0,0,0,0,0,0,0,0,0,0,0,0,0,0,0,0,0,0,0,0,0,0,0,0,0,3.38418372,10.4409691
"2754","3566",20,3,0,0,1,5,15,0,0,0,0,0,0,0,0,0,0,0,0,0,0,0,0,0,0,0,0,0,0,0,0,0,0,0,0,0,0,0,0,0,0,0,0,0,0,0,0,0,0,0,0,0,0,0,0,0,0,0,0,0,0,0,0,0,0,0,0,0,0,0,0,0,0,0,0,0,0,0,0,0,0,0,0,0,0,0,0,0,3.38418372,10.4409691
"2775","7275",161,21,39,46,55,62.73291925,37.26708075,20,7,5,12,3,20,7,19,16,7,4,8,2,13,4,2,1,1,0,1,2,2,2,2,2,4,0,6,0,1,4,6,7,6,13,0,1,5,6,0,1,1,5,0,0,8,1,7,1,0,1,0,1,1,0,1,7,1,1,0,2,0,1,3,1,4,1,1,0,15,1,6,1,0,2,4,3,1,3,2,1,1.924531868,3.796136497
"2778","1634",199,75,68,27,29,28.14070352,71.85929648,6,8,11,2,0,10,14,4,14,17,18,12,6,11,24,21,5,6,8,2,5,3,4,5,4,1,4,1,6,8,4,1,1,1,1,7,0,3,1,1,0,3,2,4,0,3,0,2,0,13,3,12,4,2,0,1,4,4,2,11,2,0,3,1,1,3,1,1,3,2,0,1,5,1,3,0,1,0,4,0,5,1.855859362,3.619672979
"2792","8797",20,3,0,0,1,5,15,0,0,0,0,0,0,0,0,0,0,0,0,0,0,0,0,0,0,0,0,0,0,0,0,0,0,0,0,0,0,0,0,0,0,0,0,0,0,0,0,0,0,0,0,0,0,0,0,0,0,0,0,0,0,0,0,0,0,0,0,0,0,0,0,0,0,0,0,0,0,0,0,0,0,0,0,0,0,0,0,0,3.38418372,10.4409691
"2815","1015",294,63,80,76,75,51.36054422,48.63945578,12,21,18,19,7,22,22,19,24,18,10,23,16,20,17,9,5,10,0,3,5,6,3,4,7,9,4,2,4,4,4,2,7,7,7,6,1,6,5,6,0,3,9,3,1,6,1,6,5,6,4,2,7,5,4,1,4,1,3,0,4,2,6,4,2,5,6,5,5,4,5,6,2,3,5,5,8,0,5,5,5,1.994479231,3.984722427
"2827","1634",208,72,50,39,47,41.34615385,58.65384615,9,12,8,7,6,9,15,12,11,12,15,11,10,13,19,19,5,4,7,1,1,5,5,3,4,2,2,2,6,3,2,2,2,4,2,3,1,2,5,5,2,1,6,2,0,2,3,5,2,6,0,9,3,1,6,2,1,7,1,9,5,0,4,3,2,2,2,1,3,3,1,3,1,2,6,3,2,2,3,2,5,1.96186389,3.895649526
"2829","5720",143,31,47,23,42,45.45454545,54.54545455,6,9,4,3,0,16,10,11,9,13,7,12,9,9,8,3,1,3,1,1,3,4,2,2,5,5,3,3,2,2,3,3,1,5,6,1,0,5,4,3,0,0,4,2,0,4,0,4,0,3,3,2,2,0,3,1,2,3,1,2,3,0,0,1,2,2,3,0,0,2,2,1,1,2,0,1,1,0,4,1,1,1.948927152,3.860873143
"2837","1634",2416,836,806,406,368,32.03642384,67.96357616,75,142,110,65,11,144,151,53,162,226,209,126,105,154,243,226,67,56,72,30,75,49,71,45,52,22,27,28,81,48,55,28,31,58,28,45,3,24,9,21,3,38,23,44,4,23,2,41,1,81,43,84,49,35,17,38,29,54,30,92,45,2,60,29,49,22,34,11,14,14,18,15,30,37,67,35,16,2,21,14,67,1.904056206,3.742639799
"2855","5744",20,3,0,0,1,5,15,0,0,0,0,0,0,0,0,0,0,0,0,0,0,0,0,0,0,0,0,0,0,0,0,0,0,0,0,0,0,0,0,0,0,0,0,0,0,0,0,0,0,0,0,0,0,0,0,0,0,0,0,0,0,0,0,0,0,0,0,0,0,0,0,0,0,0,0,0,0,0,0,0,0,0,0,0,0,0,0,0,3.38418372,10.4409691
"2889","5744",469,156,186,66,61,27.07889126,72.92110874,12,20,26,8,0,21,26,11,44,49,52,20,16,14,69,41,13,11,21,3,20,9,23,18,5,6,4,10,13,4,18,10,5,4,3,12,0,3,1,4,0,7,7,6,0,7,0,4,0,30,4,27,5,6,2,5,1,17,3,14,4,0,6,3,2,4,6,3,6,2,3,1,12,6,10,4,6,0,1,0,13,1.838238836,3.575732559
"2913","1565",73,19,17,17,20,50.68493151,49.31506849,5,1,6,4,0,6,4,6,5,1,7,4,2,7,4,5,3,0,2,3,0,1,0,2,1,2,2,1,0,0,0,1,2,0,3,0,0,2,2,0,0,3,2,2,0,1,0,2,0,0,0,4,2,0,1,0,3,1,3,1,1,0,1,1,1,2,0,2,1,2,0,1,3,1,0,0,1,0,1,1,3,1.996359884,3.989920178
"2918","1634",255,89,72,53,41,36.8627451,63.1372549,10,28,6,7,2,19,13,6,23,19,14,12,12,19,25,26,8,11,4,3,3,6,5,2,6,4,2,6,4,2,9,6,4,9,5,5,0,3,1,1,0,3,1,5,2,4,0,2,0,8,3,10,3,3,1,5,3,5,3,7,7,2,9,3,2,5,5,1,0,1,3,1,2,4,15,5,2,0,5,1,8,1.940179744,3.837534562
"2932","5744",289,88,116,43,42,29.41176471,70.58823529,9,12,15,7,0,14,18,8,27,33,29,13,10,9,40,20,5,5,8,2,13,6,15,11,4,4,2,7,8,3,12,7,4,2,1,10,0,2,1,2,0,3,6,3,0,7,0,3,0,22,3,12,2,3,2,4,1,10,2,7,2,0,3,3,0,4,2,2,4,1,2,1,8,4,7,4,3,0,1,0,5,1.864328817,3.64098505
"2947","4313",375,83,85,81,126,55.2,44.8,23,21,14,19,7,41,31,33,26,14,12,32,24,25,15,15,6,6,2,3,1,8,1,4,11,12,6,6,1,10,2,6,10,7,17,7,2,13,13,10,1,7,7,4,2,13,6,10,2,4,9,4,6,2,7,4,8,3,3,4,4,0,6,6,3,6,3,2,5,11,4,7,1,6,8,8,5,0,6,3,6,1.973169124,3.9262965
"2968","4313",795,162,205,174,254,53.83647799,46.16352201,54,40,29,41,11,84,65,67,58,46,24,57,49,53,27,28,10,7,5,7,17,15,3,10,22,23,9,16,6,17,10,16,25,24,32,9,2,24,26,21,3,8,20,11,3,27,8,23,3,8,19,8,9,3,14,9,13,6,7,5,16,1,10,12,6,17,7,8,7,23,9,21,4,13,11,11,11,1,12,9,10,1.977518975,3.93815249
"2970","4313",83,15,13,25,30,66.26506024,33.73493976,6,7,0,7,3,10,4,9,4,2,2,5,6,6,1,2,0,0,0,1,0,1,0,0,2,3,1,1,0,0,0,1,3,2,5,0,0,2,4,3,0,1,2,0,1,4,2,1,2,0,2,0,0,0,2,1,0,1,1,0,2,0,1,3,0,2,1,0,0,4,1,4,0,0,2,3,0,0,3,2,0,1.917061144,3.776529728
"2971","3315",124,23,37,21,43,51.61290323,48.38709677,10,2,7,2,3,12,8,14,12,9,4,8,6,4,5,4,1,1,1,1,3,4,1,5,4,1,1,4,2,2,1,4,1,3,5,1,0,2,4,4,2,0,4,3,0,7,3,0,1,1,1,1,1,1,4,1,3,2,1,3,0,0,2,0,3,2,2,0,1,7,0,1,0,1,0,1,2,0,0,0,1,1.93516607,3.824221454
"2975","1634",322,111,118,42,51,28.88198758,71.11801242,13,13,12,4,0,22,16,10,22,33,32,15,11,16,34,33,8,4,16,3,15,6,8,8,8,2,4,6,10,7,7,6,4,7,5,6,0,2,2,2,0,7,4,6,0,6,0,2,0,12,6,15,4,3,3,4,6,10,3,15,5,0,8,0,5,5,4,0,2,5,1,1,4,3,5,3,1,0,3,0,8,1.864758291,3.64206909
"2978","3857",89,22,24,15,28,48.31460674,51.68539326,5,6,2,2,2,12,4,7,5,5,3,10,4,6,3,6,1,2,1,1,1,5,0,1,5,3,1,1,0,1,0,1,1,5,4,0,0,3,1,0,1,1,2,3,1,3,0,1,0,0,2,1,0,1,1,1,2,1,1,3,3,0,2,1,0,1,2,1,0,3,2,1,1,0,0,0,1,1,2,0,1,1.966116663,3.907150052
"2983","5720",306,78,82,72,74,47.7124183,52.2875817,17,28,9,14,6,25,21,16,24,18,13,21,15,24,23,12,8,9,1,1,3,5,6,3,6,8,4,6,5,5,4,6,5,7,7,5,0,6,5,4,1,1,5,5,2,9,3,7,3,4,4,4,3,6,4,3,6,4,1,4,10,1,5,4,3,8,7,2,1,3,4,4,2,6,6,6,3,0,10,4,8,1.998189194,3.994982528
"3018","1634",778,198,297,148,135,36.37532134,63.62467866,27,34,61,23,7,46,44,29,75,78,55,46,24,40,70,43,21,18,14,14,34,16,16,23,24,15,9,15,18,13,19,15,14,13,12,23,4,7,7,6,2,11,13,8,0,14,2,7,1,27,6,17,18,7,6,4,6,13,14,17,10,3,11,6,21,11,12,11,7,6,5,4,12,9,9,6,17,1,8,2,21,1.926718127,3.801893521
"3068","5744",224,75,64,40,45,37.94642857,62.05357143,11,12,6,8,0,16,21,7,14,12,19,14,12,15,24,16,5,6,6,6,4,4,5,1,4,2,2,3,4,7,4,3,4,6,5,7,0,2,1,4,0,5,2,5,0,3,0,5,0,6,2,7,5,6,5,3,5,7,6,6,2,0,3,3,0,4,5,0,1,0,3,3,3,7,3,4,2,0,1,3,5,1.953908873,3.874228037
"3078","1634",641,235,176,126,104,35.88143526,64.11856474,25,55,20,21,3,37,40,21,54,46,36,25,30,43,59,73,18,21,15,5,12,10,10,7,8,8,6,12,11,7,22,12,14,13,11,15,0,5,3,4,1,7,10,13,2,11,0,8,0,21,7,22,9,5,6,13,8,15,5,23,18,3,23,5,7,9,12,4,7,7,6,4,3,9,30,11,3,0,7,5,18,1.92975863,3.809914522
"3086","3566",147,48,26,46,27,49.65986395,50.34013605,7,21,5,10,3,8,9,6,12,4,2,5,8,18,6,12,4,5,1,0,2,3,0,1,2,1,1,4,0,1,2,4,2,1,2,2,0,1,1,1,1,2,4,1,0,4,0,5,1,2,3,1,1,0,2,2,1,0,0,4,7,1,9,6,1,0,3,3,2,3,4,1,0,2,10,6,2,2,4,2,4,1.942832581,3.844597538
"3090","5720",207,56,56,40,55,45.89371981,54.10628019,9,18,4,6,1,20,14,13,12,15,8,16,11,18,12,10,2,5,1,1,3,5,3,2,6,5,3,4,2,3,4,4,1,6,6,2,0,6,6,3,0,1,6,4,1,5,0,5,0,4,5,3,2,2,3,3,4,3,1,4,8,0,4,3,2,3,4,0,0,4,2,1,1,2,5,3,1,0,6,3,2,1.98684126,3.963682105
"3102","1667;728358;1668",50,20,11,12,7,38,62,5,5,0,0,0,4,3,0,4,3,1,1,1,6,2,6,1,2,0,0,2,0,0,0,0,0,1,2,0,1,3,2,0,2,0,0,0,1,0,0,0,1,0,1,0,0,0,2,0,1,0,2,0,0,0,0,2,0,0,3,3,0,1,0,0,4,0,0,0,0,0,0,0,1,2,0,0,0,2,0,1,1.900589306,3.733656764
"3112","3566",2594,576,501,742,775,58.48111025,41.51888975,197,187,133,170,63,194,220,222,218,65,48,152,129,235,91,99,41,35,11,7,16,34,12,42,27,63,18,61,8,39,27,61,76,31,88,37,16,51,66,44,15,20,82,36,14,88,25,100,18,14,21,19,39,27,60,28,68,9,7,21,55,9,46,63,17,47,23,32,43,74,36,53,11,60,46,73,59,15,76,52,41,1.977491723,3.9380781
"3120","5744",1016,299,345,156,216,36.61417323,63.38582677,34,40,46,27,8,84,75,40,58,88,85,74,58,54,87,71,15,11,33,16,35,31,22,21,29,10,13,9,32,30,18,9,15,31,20,20,4,22,9,17,1,14,13,20,2,15,3,13,1,33,20,36,10,13,15,17,15,22,16,26,17,2,14,10,15,11,8,9,8,11,7,9,13,10,14,8,9,2,10,9,15,1.938427721,3.832877051
"3126","3566",383,95,98,98,92,49.60835509,50.39164491,24,30,20,22,6,29,25,23,45,22,9,18,18,23,23,21,11,15,4,0,4,5,4,5,9,7,1,14,3,6,9,14,10,11,8,8,3,1,7,4,0,0,9,4,1,17,3,9,2,6,3,3,5,3,9,7,5,3,0,6,3,0,7,10,4,13,8,6,5,4,5,5,3,4,10,11,7,3,7,2,11,1.999510994,3.998644417
"3127","3400",235,75,50,58,52,46.80851064,53.19148936,13,22,9,11,11,12,16,11,6,15,8,16,11,26,9,17,0,1,1,3,5,5,1,3,10,2,3,2,1,4,2,2,0,5,2,7,4,2,1,3,2,3,5,3,1,2,4,3,3,5,2,1,1,1,2,5,5,3,3,9,9,3,6,7,3,1,0,1,3,7,0,2,1,3,8,7,1,2,11,2,0,1.980602162,3.946577724
"3144","3566",212,41,40,58,73,61.79245283,38.20754717,19,10,10,11,7,19,20,21,15,4,6,13,14,17,5,5,0,4,1,1,2,1,1,1,3,7,3,3,0,3,1,3,7,1,14,3,3,5,5,7,2,5,4,2,1,8,1,8,1,2,1,0,5,2,8,3,8,1,1,0,1,1,2,3,1,3,1,1,3,5,1,6,0,9,2,4,6,2,6,7,0,1.953595707,3.873387148
"3161","4893",3637,1080,1266,653,638,35.49628815,64.50371185,125,199,205,106,17,272,207,118,283,341,291,210,161,229,307,274,70,83,99,47,123,89,84,93,91,43,53,52,99,69,91,52,53,90,54,54,11,46,22,36,1,57,51,57,1,78,6,58,4,116,67,122,66,37,38,50,44,78,47,101,66,8,66,44,75,56,39,33,35,30,20,28,51,38,82,40,42,1,55,18,70,1.935459942,3.825000515
